title,company,url
[전액국비] 취업연계 첨단기술 교육생 모집(반도체/AI/응용SW/로봇/스마트제조/IoT),대한상공회의소,https://www.jobkorea.co.kr/Recruit/GI_Read/48484425?Oem_Code=C1&logpath=1&stext=AI%EC%97%94%EC%A7%80%EB%8B%88%EC%96%B4&listno=8&sc=630
AI엔지니어(AI Agent),"㈜에스원
삼성그룹",https://www.jobkorea.co.kr/Recruit/GI_Read/48382443?Oem_Code=C1&logpath=1&stext=AI%EC%97%94%EC%A7%80%EB%8B%88%EC%96%B4&listno=15&sc=630
AI엔지니어(VLM/VLA),"㈜에스원
삼성그룹",https://www.jobkorea.co.kr/Recruit/GI_Read/48403881?Oem_Code=C1&logpath=1&stext=AI%EC%97%94%EC%A7%80%EB%8B%88%EC%96%B4&listno=9&sc=630
"AI엔지니어(기획,개발,운영)","㈜에스원
삼성그룹",https://www.jobkorea.co.kr/Recruit/GI_Read/48443288?Oem_Code=C1&logpath=1&stext=AI%EC%97%94%EC%A7%80%EB%8B%88%EC%96%B4&listno=10&sc=630
[잡코리아헤드헌팅] Samsung 에스원 - AI엔지니어(AI Agent),잡코리아 헤드헌터,https://www.jobkorea.co.kr/Recruit/GI_Read/48471503?Oem_Code=C1&logpath=1&stext=AI%EC%97%94%EC%A7%80%EB%8B%88%EC%96%B4&listno=20&sc=630
[잡코리아헤드헌팅] Samsung 에스원 - AI엔지니어(VLM/VLA),잡코리아 헤드헌터,https://www.jobkorea.co.kr/Recruit/GI_Read/48440358?Oem_Code=C1&logpath=1&stext=AI%EC%97%94%EC%A7%80%EB%8B%88%EC%96%B4&listno=16&sc=630
성형외과 AI엔지니어/개발자(경력자),에스씨301의원,https://www.jobkorea.co.kr/Recruit/GI_Read/48445917?Oem_Code=C1&logpath=1&stext=AI%EC%97%94%EC%A7%80%EB%8B%88%EC%96%B4&listno=19&sc=630
[Global Research] AI엔지니어/AI개발자 (경력무관) 채용,㈜글로벌리서치,https://www.jobkorea.co.kr/Recruit/GI_Read/48352380?Oem_Code=C1&logpath=1&stext=AI%EC%97%94%EC%A7%80%EB%8B%88%EC%96%B4&listno=11&sc=630
AI엔지니어 모집(전문연구요원or경력),라온피플㈜,https://www.jobkorea.co.kr/Recruit/GI_Read/48319487?Oem_Code=C1&logpath=1&stext=AI%EC%97%94%EC%A7%80%EB%8B%88%EC%96%B4&listno=1&sc=551
[SC301의원 삼성동/코엑스] 성형외과 AI엔지니어/개발자(경력자)모집,에스씨301의원,https://www.jobkorea.co.kr/Recruit/GI_Read/48456396?Oem_Code=C1&logpath=1&stext=AI%EC%97%94%EC%A7%80%EB%8B%88%EC%96%B4&listno=5&sc=630
[네오플] [전략분석실] AI 엔지니어 (근무지: 서울),㈜네오플,https://www.jobkorea.co.kr/Recruit/GI_Read/48456326?Oem_Code=C1&logpath=1&stext=AI%EC%97%94%EC%A7%80%EB%8B%88%EC%96%B4&listno=4&sc=630
[부산/경력 2년 이상] 코어팀 - AI엔지니어(풀스택 개발),트리노드㈜,https://www.jobkorea.co.kr/Recruit/GI_Read/48410469?Oem_Code=C1&logpath=1&stext=AI%EC%97%94%EC%A7%80%EB%8B%88%EC%96%B4&listno=6&sc=630
[경력] Vision AI 개발자/연구원을 모집합니다.,㈜엠에이치엔씨티,https://www.jobkorea.co.kr/Recruit/GI_Read/48449636?Oem_Code=C1&logpath=1&stext=AI%EC%97%94%EC%A7%80%EB%8B%88%EC%96%B4&listno=2&sc=630
노아에이티에스 2026년 공채 15기 신입사원 채용,노아에이티에스㈜,https://www.jobkorea.co.kr/Recruit/GI_Read/48507154?Oem_Code=C1&logpath=1&stext=AI%EC%97%94%EC%A7%80%EB%8B%88%EC%96%B4&listno=13&sc=630
"[이지서티] AI 개발자(AI엔지니어, ML엔지니어) 모집",이지서티,https://www.jobkorea.co.kr/Recruit/GI_Read/48509597?Oem_Code=C1&logpath=1&stext=AI%EC%97%94%EC%A7%80%EB%8B%88%EC%96%B4&listno=17&sc=630
생성형AI 활용 사이버보안 전문인력 양성과정,"에스케이쉴더스㈜
SK 그룹",https://www.jobkorea.co.kr/Recruit/GI_Read/48452320?Oem_Code=C1&logpath=1&stext=AI%EC%97%94%EC%A7%80%EB%8B%88%EC%96%B4&listno=18&sc=630
26년 상반기 포스코 경력사원(엔지니어) 채용,㈜포스코,https://www.jobkorea.co.kr/Recruit/GI_Read/48397194?Oem_Code=C1&logpath=1&stext=AI%EC%97%94%EC%A7%80%EB%8B%88%EC%96%B4&listno=7&sc=630
2026 채용연계형 펄어비스 봄 인턴십,㈜펄어비스,https://www.jobkorea.co.kr/Recruit/GI_Read/48336700?Oem_Code=C1&logpath=1&stext=AI%EC%97%94%EC%A7%80%EB%8B%88%EC%96%B4&listno=12&sc=630
[웍스피어] 데이터사이언티스트 (3년이상),잡코리아(유),https://www.jobkorea.co.kr/Recruit/GI_Read/48330889?Oem_Code=C1&logpath=1&stext=AI%EC%97%94%EC%A7%80%EB%8B%88%EC%96%B4&listno=14&sc=630
[kt ds] 2026년 부문별 경력사원 상시채용,"㈜KT DS
KT그룹",https://www.jobkorea.co.kr/Recruit/GI_Read/48498218?Oem_Code=C1&logpath=1&stext=AI%EC%97%94%EC%A7%80%EB%8B%88%EC%96%B4&listno=3&sc=630
써모 피셔 사이언티픽 코리아 1월 4주차 신입/경력 채용,써모피셔사이언티픽 코리아,https://www.jobkorea.co.kr/Recruit/GI_Read/48449514?Oem_Code=C1&logpath=1&stext=AI%EC%97%94%EC%A7%80%EB%8B%88%EC%96%B4&listno=1&sc=630
[전액국비] 취업연계 첨단기술 교육생 모집(반도체/AI/응용SW/로봇/스마트제조/IoT),대한상공회의소,https://www.jobkorea.co.kr/Recruit/GI_Read/48319487?Oem_Code=C1&logpath=1&stext=AI%EC%97%94%EC%A7%80%EB%8B%88%EC%96%B4&listno=21&sc=551
2026 코오롱그룹 1월 정기공채,"코오롱그룹
코오롱그룹",https://www.jobkorea.co.kr/Recruit/GI_Read/48479904?Oem_Code=C1&logpath=1&stext=AI%EC%97%94%EC%A7%80%EB%8B%88%EC%96%B4&listno=31&sc=630
"[2026년 신입,경력] 경영지원실 채용",㈜사이냅소프트,https://www.jobkorea.co.kr/Recruit/GI_Read/48437834?Oem_Code=C1&logpath=1&stext=AI%EC%97%94%EC%A7%80%EB%8B%88%EC%96%B4&listno=39&sc=630
AI 엔지니어,㈜알라딘커뮤니케이션,https://www.jobkorea.co.kr/Recruit/GI_Read/48410800?Oem_Code=C1&logpath=1&stext=AI%EC%97%94%EC%A7%80%EB%8B%88%EC%96%B4&listno=37&sc=630
2026 조인그룹 신입사원 공개채용,조인㈜,https://www.jobkorea.co.kr/Recruit/GI_Read/48471511?Oem_Code=C1&logpath=1&stext=AI%EC%97%94%EC%A7%80%EB%8B%88%EC%96%B4&listno=22&sc=630
AI 엔지니어,위메이드,https://www.jobkorea.co.kr/Recruit/GI_Read/48503004?Oem_Code=C1&logpath=1&stext=AI%EC%97%94%EC%A7%80%EB%8B%88%EC%96%B4&listno=26&sc=630
AI Labs / AI Research Engineer 채용,주식회사 솔트룩스,https://www.jobkorea.co.kr/Recruit/GI_Read/48501686?Oem_Code=C1&logpath=1&stext=AI%EC%97%94%EC%A7%80%EB%8B%88%EC%96%B4&listno=35&sc=630
[라이브본부] AI 엔지니어,㈜넥슨,https://www.jobkorea.co.kr/Recruit/GI_Read/48479846?Oem_Code=C1&logpath=1&stext=AI%EC%97%94%EC%A7%80%EB%8B%88%EC%96%B4&listno=36&sc=630
AI Engineer,"씨제이올리브영(주)
CJ그룹",https://www.jobkorea.co.kr/Recruit/GI_Read/48508143?Oem_Code=C1&logpath=1&stext=AI%EC%97%94%EC%A7%80%EB%8B%88%EC%96%B4&listno=38&sc=630
[Socra AI][인턴] AI engineer (AI Agent)(전환형),㈜소크라에이아이,https://www.jobkorea.co.kr/Recruit/GI_Read/48348264?Oem_Code=C1&logpath=1&stext=AI%EC%97%94%EC%A7%80%EB%8B%88%EC%96%B4&listno=30&sc=630
AI 엔지니어,㈜알라딘커뮤니케이션,https://www.jobkorea.co.kr/Recruit/GI_Read/48366731?Oem_Code=C1&logpath=1&stext=AI%EC%97%94%EC%A7%80%EB%8B%88%EC%96%B4&listno=33&sc=630
AI Engineer 경력직 수시채용(플랫폼),신한DS,https://www.jobkorea.co.kr/Recruit/GI_Read/48455722?Oem_Code=C1&logpath=1&stext=AI%EC%97%94%EC%A7%80%EB%8B%88%EC%96%B4&listno=27&sc=630
2026년 상반기 신입 및 경력 사원 채용,㈜알토,https://www.jobkorea.co.kr/Recruit/GI_Read/48347201?Oem_Code=C1&logpath=1&stext=AI%EC%97%94%EC%A7%80%EB%8B%88%EC%96%B4&listno=23&sc=630
[메이플스토리] AI 엔지니어,㈜넥슨,https://www.jobkorea.co.kr/Recruit/GI_Read/48426277?Oem_Code=C1&logpath=1&stext=AI%EC%97%94%EC%A7%80%EB%8B%88%EC%96%B4&listno=29&sc=630
AI Engineer 경력직 수시채용(시스템),신한DS,https://www.jobkorea.co.kr/Recruit/GI_Read/48442084?Oem_Code=C1&logpath=1&stext=AI%EC%97%94%EC%A7%80%EB%8B%88%EC%96%B4&listno=21&sc=630
상시 인재 채용 (인재 Pool) - AI 엔지니어,"㈜비즈테크아이
LG그룹",https://www.jobkorea.co.kr/Recruit/GI_Read/48479886?Oem_Code=C1&logpath=1&stext=AI%EC%97%94%EC%A7%80%EB%8B%88%EC%96%B4&listno=34&sc=630
AI Developer/Engineer 경력직 수시채용,신한DS,https://www.jobkorea.co.kr/Recruit/GI_Read/48474679?Oem_Code=C1&logpath=1&stext=AI%EC%97%94%EC%A7%80%EB%8B%88%EC%96%B4&listno=28&sc=630
Forward Deployed AI Engineer,"씨제이올리브영(주)
CJ그룹",https://www.jobkorea.co.kr/Recruit/GI_Read/48451017?Oem_Code=C1&logpath=1&stext=AI%EC%97%94%EC%A7%80%EB%8B%88%EC%96%B4&listno=24&sc=630
AIR 부문 AI 전문 Engineer 채용 (경력),메가존클라우드㈜,https://www.jobkorea.co.kr/Recruit/GI_Read/48481348?Oem_Code=C1&logpath=1&stext=AI%EC%97%94%EC%A7%80%EB%8B%88%EC%96%B4&listno=32&sc=630
[휴넷] AI 엔지니어 [정규직/경력],㈜휴넷,https://www.jobkorea.co.kr/Recruit/GI_Read/48420879?Oem_Code=C1&logpath=1&stext=AI%EC%97%94%EC%A7%80%EB%8B%88%EC%96%B4&listno=25&sc=630
[플랫폼본부] 프랜차이즈시너지그룹 AI 리서치 엔지니어 (AI 어시스턴트),㈜넥슨,https://www.jobkorea.co.kr/Recruit/GI_Read/48424636?Oem_Code=C1&logpath=1&stext=AI%EC%97%94%EC%A7%80%EB%8B%88%EC%96%B4&listno=40&sc=630
[전액국비] 취업연계 첨단기술 교육생 모집(반도체/AI/응용SW/로봇/스마트제조/IoT),대한상공회의소,https://www.jobkorea.co.kr/Recruit/GI_Read/48449005?Oem_Code=C1&logpath=1&stext=AI%EC%97%94%EC%A7%80%EB%8B%88%EC%96%B4&listno=46&sc=630
[플랫폼본부] AI Hub실 AI 백엔드 엔지니어,㈜넥슨,https://www.jobkorea.co.kr/Recruit/GI_Read/48469927?Oem_Code=C1&logpath=1&stext=AI%EC%97%94%EC%A7%80%EB%8B%88%EC%96%B4&listno=41&sc=630
[기술본부] AI 데이터 엔지니어,㈜넥슨,https://www.jobkorea.co.kr/Recruit/GI_Read/48470130?Oem_Code=C1&logpath=1&stext=AI%EC%97%94%EC%A7%80%EB%8B%88%EC%96%B4&listno=51&sc=630
[일본도쿄 현지취업]AI업계 DevOps엔지니어 K203,(주)마이나비코리아,https://www.jobkorea.co.kr/Recruit/GI_Read/48293274?Oem_Code=C1&logpath=1&stext=AI%EC%97%94%EC%A7%80%EB%8B%88%EC%96%B4&listno=42&sc=630
[플랫폼본부] AI Hub실 AI 엔지니어,㈜넥슨,https://www.jobkorea.co.kr/Recruit/GI_Read/48430344?Oem_Code=C1&logpath=1&stext=AI%EC%97%94%EC%A7%80%EB%8B%88%EC%96%B4&listno=52&sc=630
[코스닥기업] 생성형 AI 엔지니어 채용,㈜비아이매트릭스,https://www.jobkorea.co.kr/Recruit/GI_Read/48494787?Oem_Code=C1&logpath=1&stext=AI%EC%97%94%EC%A7%80%EB%8B%88%EC%96%B4&listno=55&sc=630
AI Research Engineer 엔지니어 채용,메가존클라우드㈜,https://www.jobkorea.co.kr/Recruit/GI_Read/48494795?Oem_Code=C1&logpath=1&stext=AI%EC%97%94%EC%A7%80%EB%8B%88%EC%96%B4&listno=59&sc=630
2026 상반기 인바디 GBD CORE 채용,(주)인바디,https://www.jobkorea.co.kr/Recruit/GI_Read/48451750?Oem_Code=C1&logpath=1&stext=AI%EC%97%94%EC%A7%80%EB%8B%88%EC%96%B4&listno=47&sc=630
AI Engineer,메가존클라우드㈜,https://www.jobkorea.co.kr/Recruit/GI_Read/48509596?Oem_Code=C1&logpath=1&stext=AI%EC%97%94%EC%A7%80%EB%8B%88%EC%96%B4&listno=54&sc=630
"[천재교육] AI센터 AI데이터플랫폼팀 AI, 데이터, MLOps 엔지니어 모집",㈜천재교육,https://www.jobkorea.co.kr/Recruit/GI_Read/48456708?Oem_Code=C1&logpath=1&stext=AI%EC%97%94%EC%A7%80%EB%8B%88%EC%96%B4&listno=56&sc=630
[삼양식품] OMICS AI Engineer(연구원),삼양식품㈜,https://www.jobkorea.co.kr/Recruit/GI_Read/48266123?Oem_Code=C1&logpath=1&stext=AI%EC%97%94%EC%A7%80%EB%8B%88%EC%96%B4&listno=50&sc=630
[플랫폼본부] AI Hub실 데이터 엔지니어,㈜넥슨,https://www.jobkorea.co.kr/Recruit/GI_Read/48469775?Oem_Code=C1&logpath=1&stext=AI%EC%97%94%EC%A7%80%EB%8B%88%EC%96%B4&listno=44&sc=630
"[DB Inc.] AX 엔지니어(AI, Agent, Platform 등)","㈜디비아이엔씨
DB그룹",https://www.jobkorea.co.kr/Recruit/GI_Read/48312947?Oem_Code=C1&logpath=1&stext=AI%EC%97%94%EC%A7%80%EB%8B%88%EC%96%B4&listno=57&sc=630
AI로봇비전 엔지니어 신입/경력 채용 모집,㈜LPK로보틱스,https://www.jobkorea.co.kr/Recruit/GI_Read/48356336?Oem_Code=C1&logpath=1&stext=AI%EC%97%94%EC%A7%80%EB%8B%88%EC%96%B4&listno=53&sc=630
FY2026 상반기 경력사원 채용 - AI Service Engineer,"교보생명보험(주)
교보생명보험그룹",https://www.jobkorea.co.kr/Recruit/GI_Read/48330992?Oem_Code=C1&logpath=1&stext=AI%EC%97%94%EC%A7%80%EB%8B%88%EC%96%B4&listno=43&sc=630
경력사원 채용 - AI Platform Engineer,"삼성화재해상보험
삼성그룹",https://www.jobkorea.co.kr/Recruit/GI_Read/48353504?Oem_Code=C1&logpath=1&stext=AI%EC%97%94%EC%A7%80%EB%8B%88%EC%96%B4&listno=60&sc=630
(병역특례 가능) AI 컴파일러 엔지니어,에너자이,https://www.jobkorea.co.kr/Recruit/GI_Read/48240141?Oem_Code=C1&logpath=1&stext=AI%EC%97%94%EC%A7%80%EB%8B%88%EC%96%B4&listno=48&sc=630
"제이씨현시스템(주), AI서버사업본부 서버 엔지니어 경력직 모집",제이씨현시스템㈜,https://www.jobkorea.co.kr/Recruit/GI_Read/48505874?Oem_Code=C1&logpath=1&stext=AI%EC%97%94%EC%A7%80%EB%8B%88%EC%96%B4&listno=49&sc=630
AI Engineer (시니어),셀렉트스타 주식회사,https://www.jobkorea.co.kr/Recruit/GI_Read/48319487?Oem_Code=C1&logpath=1&stext=AI%EC%97%94%EC%A7%80%EB%8B%88%EC%96%B4&listno=41&sc=551
경력사원 채용 - AI Model Engineer,"삼성화재해상보험
삼성그룹",https://www.jobkorea.co.kr/Recruit/GI_Read/48193199?Oem_Code=C1&logpath=1&stext=AI%EC%97%94%EC%A7%80%EB%8B%88%EC%96%B4&listno=58&sc=630
AI/HPC 네트워크 엔지니어,엠키스코어,https://www.jobkorea.co.kr/Recruit/GI_Read/48492469?Oem_Code=C1&logpath=1&stext=AI%EC%97%94%EC%A7%80%EB%8B%88%EC%96%B4&listno=45&sc=630
[전액국비] 취업연계 첨단기술 교육생 모집(반도체/AI/응용SW/로봇/스마트제조/IoT),대한상공회의소,https://www.jobkorea.co.kr/Recruit/GI_Read/48486445?Oem_Code=C1&logpath=1&stext=AI%EC%97%94%EC%A7%80%EB%8B%88%EC%96%B4&listno=71&sc=630
[삼양식품] DXT팀 Senior AI Engineer,삼양식품㈜,https://www.jobkorea.co.kr/Recruit/GI_Read/48496380?Oem_Code=C1&logpath=1&stext=AI%EC%97%94%EC%A7%80%EB%8B%88%EC%96%B4&listno=67&sc=630
AI 엔지니어 모집,㈜벡터시스,https://www.jobkorea.co.kr/Recruit/GI_Read/48395564?Oem_Code=C1&logpath=1&stext=AI%EC%97%94%EC%A7%80%EB%8B%88%EC%96%B4&listno=76&sc=630
AI Engineer (계약직),셀렉트스타 주식회사,https://www.jobkorea.co.kr/Recruit/GI_Read/48290689?Oem_Code=C1&logpath=1&stext=AI%EC%97%94%EC%A7%80%EB%8B%88%EC%96%B4&listno=74&sc=630
AI 미래를 이끌 AI 엔지니어 및 하드웨어 설계 엔지니어 모집,㈜프리쉐,https://www.jobkorea.co.kr/Recruit/GI_Read/48396374?Oem_Code=C1&logpath=1&stext=AI%EC%97%94%EC%A7%80%EB%8B%88%EC%96%B4&listno=70&sc=630
[중견기업/IT] 데이타솔루션 AI 솔루션 기반 프로젝트 엔지니어,㈜데이타솔루션,https://www.jobkorea.co.kr/Recruit/GI_Read/48438272?Oem_Code=C1&logpath=1&stext=AI%EC%97%94%EC%A7%80%EB%8B%88%EC%96%B4&listno=63&sc=630
"[AI·빅데이터] AI 엔지니어, R&D, 데이터 사이언티스트, 인프라",㈜엑셈,https://www.jobkorea.co.kr/Recruit/GI_Read/48445229?Oem_Code=C1&logpath=1&stext=AI%EC%97%94%EC%A7%80%EB%8B%88%EC%96%B4&listno=64&sc=630
[AI기업/역삼] AI Engineer 채용 모집,㈜인터비즈시스템,https://www.jobkorea.co.kr/Recruit/GI_Read/48399897?Oem_Code=C1&logpath=1&stext=AI%EC%97%94%EC%A7%80%EB%8B%88%EC%96%B4&listno=72&sc=630
AI Engineer - Storyverse by AI,㈜더만타스토리,https://www.jobkorea.co.kr/Recruit/GI_Read/48474164?Oem_Code=C1&logpath=1&stext=AI%EC%97%94%EC%A7%80%EB%8B%88%EC%96%B4&listno=68&sc=630
Research Engineer (Generative AI),㈜에스아이에이,https://www.jobkorea.co.kr/Recruit/GI_Read/48319487?Oem_Code=C1&logpath=1&stext=AI%EC%97%94%EC%A7%80%EB%8B%88%EC%96%B4&listno=61&sc=551
AI 에이전트 엔지니어,㈜에스투더블유,https://www.jobkorea.co.kr/Recruit/GI_Read/48177748?Oem_Code=C1&logpath=1&stext=AI%EC%97%94%EC%A7%80%EB%8B%88%EC%96%B4&listno=62&sc=630
AI Engineer 채용합니다.,투스카이,https://www.jobkorea.co.kr/Recruit/GI_Read/48353469?Oem_Code=C1&logpath=1&stext=AI%EC%97%94%EC%A7%80%EB%8B%88%EC%96%B4&listno=75&sc=630
AI / ML 엔지니어,주식회사 루모스,https://www.jobkorea.co.kr/Recruit/GI_Read/48375983?Oem_Code=C1&logpath=1&stext=AI%EC%97%94%EC%A7%80%EB%8B%88%EC%96%B4&listno=79&sc=630
[스타트업] AI 상담플랫폼 AI Intergration Engineer채용,㈜링키스,https://www.jobkorea.co.kr/Recruit/GI_Read/48437968?Oem_Code=C1&logpath=1&stext=AI%EC%97%94%EC%A7%80%EB%8B%88%EC%96%B4&listno=80&sc=630
AI 엔지니어 7년 이상,한국딥러닝㈜,https://www.jobkorea.co.kr/Recruit/GI_Read/48489693?Oem_Code=C1&logpath=1&stext=AI%EC%97%94%EC%A7%80%EB%8B%88%EC%96%B4&listno=66&sc=630
AI/HPC 인프라 엔지니어,엠키스코어,https://www.jobkorea.co.kr/Recruit/GI_Read/48193187?Oem_Code=C1&logpath=1&stext=AI%EC%97%94%EC%A7%80%EB%8B%88%EC%96%B4&listno=77&sc=630
"AI 개발 역량 보유한 AI 엔지니어, ML엔지니어, AI 개발자 모집",㈜퍼니웍,https://www.jobkorea.co.kr/Recruit/GI_Read/48274853?Oem_Code=C1&logpath=1&stext=AI%EC%97%94%EC%A7%80%EB%8B%88%EC%96%B4&listno=78&sc=630
"Voice AI Engineer(시니어, 음성)",셀렉트스타 주식회사,https://www.jobkorea.co.kr/Recruit/GI_Read/48475553?Oem_Code=C1&logpath=1&stext=AI%EC%97%94%EC%A7%80%EB%8B%88%EC%96%B4&listno=69&sc=630
제조 AI 개발 엔지니어 모집,㈜지오소프트,https://www.jobkorea.co.kr/Recruit/GI_Read/48371621?Oem_Code=C1&logpath=1&stext=AI%EC%97%94%EC%A7%80%EB%8B%88%EC%96%B4&listno=73&sc=630
연구소 AI/ML 엔지니어 경력 채용 (과제 수행),이노뎁㈜,https://www.jobkorea.co.kr/Recruit/GI_Read/48265661?Oem_Code=C1&logpath=1&stext=AI%EC%97%94%EC%A7%80%EB%8B%88%EC%96%B4&listno=61&sc=630
[의료IT 1위 이지케어텍] AI Engineer (석/박사) 전문연구요원 채용,이지케어텍㈜,https://www.jobkorea.co.kr/Recruit/GI_Read/48221900?Oem_Code=C1&logpath=1&stext=AI%EC%97%94%EC%A7%80%EB%8B%88%EC%96%B4&listno=65&sc=630
[전액국비] 취업연계 첨단기술 교육생 모집(반도체/AI/응용SW/로봇/스마트제조/IoT),대한상공회의소,https://www.jobkorea.co.kr/Recruit/GI_Read/48466081?Oem_Code=C1&logpath=1&stext=AI%EC%97%94%EC%A7%80%EB%8B%88%EC%96%B4&listno=81&sc=630
[컷백] AI Engineer (Intern),㈜컷백,https://www.jobkorea.co.kr/Recruit/GI_Read/48290618?Oem_Code=C1&logpath=1&stext=AI%EC%97%94%EC%A7%80%EB%8B%88%EC%96%B4&listno=86&sc=630
[병특포함]AI SW Engineer,㈜보스반도체,https://www.jobkorea.co.kr/Recruit/GI_Read/48365876?Oem_Code=C1&logpath=1&stext=AI%EC%97%94%EC%A7%80%EB%8B%88%EC%96%B4&listno=88&sc=630
AI Vision Engineer,플라잎,https://www.jobkorea.co.kr/Recruit/GI_Read/48471014?Oem_Code=C1&logpath=1&stext=AI%EC%97%94%EC%A7%80%EB%8B%88%EC%96%B4&listno=89&sc=630
생성형 AI 플랫폼 구축 LLM 프롬프트 엔지니어 구인,C&C KOREA,https://www.jobkorea.co.kr/Recruit/GI_Read/48500660?Oem_Code=C1&logpath=1&stext=AI%EC%97%94%EC%A7%80%EB%8B%88%EC%96%B4&listno=92&sc=630
[Catalyst] AI 엔지니어,콘센트릭스서비스코리아,https://www.jobkorea.co.kr/Recruit/GI_Read/48396172?Oem_Code=C1&logpath=1&stext=AI%EC%97%94%EC%A7%80%EB%8B%88%EC%96%B4&listno=95&sc=630
AI 엔지니어 (3년 이상),한국딥러닝㈜,https://www.jobkorea.co.kr/Recruit/GI_Read/48278977?Oem_Code=C1&logpath=1&stext=AI%EC%97%94%EC%A7%80%EB%8B%88%EC%96%B4&listno=91&sc=630
AICC 플랫폼실 AI 엔지니어 채용,㈜메타엠,https://www.jobkorea.co.kr/Recruit/GI_Read/48362362?Oem_Code=C1&logpath=1&stext=AI%EC%97%94%EC%A7%80%EB%8B%88%EC%96%B4&listno=82&sc=630
NLP/AI Engineer 멤버를 찾아요,㈜바이오리서치에이아이,https://www.jobkorea.co.kr/Recruit/GI_Read/48490784?Oem_Code=C1&logpath=1&stext=AI%EC%97%94%EC%A7%80%EB%8B%88%EC%96%B4&listno=100&sc=630
컴퓨터 비전 및 AI 인식 엔지니어 모집,㈜하다,https://www.jobkorea.co.kr/Recruit/GI_Read/48500751?Oem_Code=C1&logpath=1&stext=AI%EC%97%94%EC%A7%80%EB%8B%88%EC%96%B4&listno=84&sc=630
(주)클러쉬 AI Agent(AI 서비스)개발을 이끌 AI Engineer를 모집합니다.,㈜클러쉬,https://www.jobkorea.co.kr/Recruit/GI_Read/48484058?Oem_Code=C1&logpath=1&stext=AI%EC%97%94%EC%A7%80%EB%8B%88%EC%96%B4&listno=94&sc=630
AI Agent Engineer,Upstage,https://www.jobkorea.co.kr/Recruit/GI_Read/48462851?Oem_Code=C1&logpath=1&stext=AI%EC%97%94%EC%A7%80%EB%8B%88%EC%96%B4&listno=96&sc=630
AI Engineer 모집,㈜에이뉴트,https://www.jobkorea.co.kr/Recruit/GI_Read/48333446?Oem_Code=C1&logpath=1&stext=AI%EC%97%94%EC%A7%80%EB%8B%88%EC%96%B4&listno=98&sc=630
AI솔루션 컨설팅 및 엔지니어,반디에스앤씨㈜,https://www.jobkorea.co.kr/Recruit/GI_Read/48345125?Oem_Code=C1&logpath=1&stext=AI%EC%97%94%EC%A7%80%EB%8B%88%EC%96%B4&listno=90&sc=630
AI Platform 엔지니어 채용(경력),㈜메이머스트,https://www.jobkorea.co.kr/Recruit/GI_Read/48473721?Oem_Code=C1&logpath=1&stext=AI%EC%97%94%EC%A7%80%EB%8B%88%EC%96%B4&listno=85&sc=630
AI Search & RAG Engineer,㈜에스투더블유,https://www.jobkorea.co.kr/Recruit/GI_Read/48463210?Oem_Code=C1&logpath=1&stext=AI%EC%97%94%EC%A7%80%EB%8B%88%EC%96%B4&listno=83&sc=630
[투비소프트] 시니어 인공지능(AI) 엔지니어 채용,투비소프트,https://www.jobkorea.co.kr/Recruit/GI_Read/48319487?Oem_Code=C1&logpath=1&stext=AI%EC%97%94%EC%A7%80%EB%8B%88%EC%96%B4&listno=81&sc=551
[전액국비] 취업연계 첨단기술 교육생 모집(반도체/AI/응용SW/로봇/스마트제조/IoT),대한상공회의소,https://www.jobkorea.co.kr/Recruit/GI_Read/48179235?Oem_Code=C1&logpath=1&stext=AI%EC%97%94%EC%A7%80%EB%8B%88%EC%96%B4&listno=87&sc=630
[케어링] Physical AI Engineer 채용,케어링㈜,https://www.jobkorea.co.kr/Recruit/GI_Read/48319487?Oem_Code=C1&logpath=1&stext=AI%EC%97%94%EC%A7%80%EB%8B%88%EC%96%B4&listno=97&sc=630
[모빌테크] AI Researcher / Engineer 채용(경력),모빌테크,https://www.jobkorea.co.kr/Recruit/GI_Read/48348375?Oem_Code=C1&logpath=1&stext=AI%EC%97%94%EC%A7%80%EB%8B%88%EC%96%B4&listno=93&sc=630
㈜미디어윌 온라인사업실 AI 엔지니어 모집,㈜미디어윌,https://www.jobkorea.co.kr/Recruit/GI_Read/48354399?Oem_Code=C1&logpath=1&stext=AI%EC%97%94%EC%A7%80%EB%8B%88%EC%96%B4&listno=99&sc=630
[전액국비] 취업연계 첨단기술 교육생 모집(반도체/AI/응용SW/로봇/스마트제조/IoT),대한상공회의소,https://www.jobkorea.co.kr/Recruit/GI_Read/48161655?Oem_Code=C1&logpath=1&stext=AI%EC%97%94%EC%A7%80%EB%8B%88%EC%96%B4&listno=112&sc=630
[알엑스소프트] AI 프롬프트 엔지니어 인턴 채용,리얼라이즈알엑스㈜,https://www.jobkorea.co.kr/Recruit/GI_Read/48217679?Oem_Code=C1&logpath=1&stext=AI%EC%97%94%EC%A7%80%EB%8B%88%EC%96%B4&listno=114&sc=630
AI 엔지니어 (1년 이상),한국딥러닝㈜,https://www.jobkorea.co.kr/Recruit/GI_Read/48154410?Oem_Code=C1&logpath=1&stext=AI%EC%97%94%EC%A7%80%EB%8B%88%EC%96%B4&listno=107&sc=630
㈜미디어윌 온라인사업실 AI 엔지니어 모집,㈜미디어윌,https://www.jobkorea.co.kr/Recruit/GI_Read/48490784?Oem_Code=C1&logpath=1&stext=AI%EC%97%94%EC%A7%80%EB%8B%88%EC%96%B4&listno=103&sc=630
[디지털헬스케어] AI 엔지니어 (생체신호 분석),엑소시스템즈,https://www.jobkorea.co.kr/Recruit/GI_Read/48395770?Oem_Code=C1&logpath=1&stext=AI%EC%97%94%EC%A7%80%EB%8B%88%EC%96%B4&listno=118&sc=630
금융 AI Engineer 부문별 채용,㈜피노바,https://www.jobkorea.co.kr/Recruit/GI_Read/48181834?Oem_Code=C1&logpath=1&stext=AI%EC%97%94%EC%A7%80%EB%8B%88%EC%96%B4&listno=113&sc=630
AI Engineer (전문연구요원 가능),소바젠㈜,https://www.jobkorea.co.kr/Recruit/GI_Read/48290705?Oem_Code=C1&logpath=1&stext=AI%EC%97%94%EC%A7%80%EB%8B%88%EC%96%B4&listno=102&sc=630
[AI Engineer] MongooseAI에서 함께 성장할 동료를 구합니다,몽구스에이아이㈜,https://www.jobkorea.co.kr/Recruit/GI_Read/48322300?Oem_Code=C1&logpath=1&stext=AI%EC%97%94%EC%A7%80%EB%8B%88%EC%96%B4&listno=116&sc=630
[AI 헬스케어] AI 엔지니어 개발자 채용,㈜바이오컴,https://www.jobkorea.co.kr/Recruit/GI_Read/48463541?Oem_Code=C1&logpath=1&stext=AI%EC%97%94%EC%A7%80%EB%8B%88%EC%96%B4&listno=106&sc=630
(취업연계과정)[IBMXRedHat]AI Transformation AX Academy 개발 교육생 모집,㈜하이미디어아카데미,https://www.jobkorea.co.kr/Recruit/GI_Read/48358145?Oem_Code=C1&logpath=1&stext=AI%EC%97%94%EC%A7%80%EB%8B%88%EC%96%B4&listno=119&sc=630
AI Perception Engineer 채용 (deep learning),에이알247㈜,https://www.jobkorea.co.kr/Recruit/GI_Read/48309308?Oem_Code=C1&logpath=1&stext=AI%EC%97%94%EC%A7%80%EB%8B%88%EC%96%B4&listno=110&sc=630
AI 개발자(Machine Learning / AI Engineer)를 채용합니다.,㈜울타리정보통신,https://www.jobkorea.co.kr/Recruit/GI_Read/48319487?Oem_Code=C1&logpath=1&stext=AI%EC%97%94%EC%A7%80%EB%8B%88%EC%96%B4&listno=101&sc=551
(주)모스티소프트 AI 엔지니어 채용,㈜모스티소프트,https://www.jobkorea.co.kr/Recruit/GI_Read/48496184?Oem_Code=C1&logpath=1&stext=AI%EC%97%94%EC%A7%80%EB%8B%88%EC%96%B4&listno=115&sc=630
[서울/경기/인천] 최대 전액지원 AI 무료 취업교육생과정 모집,엠비씨(MBC)아카데미 컴퓨터교육센터,https://www.jobkorea.co.kr/Recruit/GI_Read/48476171?Oem_Code=C1&logpath=1&stext=AI%EC%97%94%EC%A7%80%EB%8B%88%EC%96%B4&listno=101&sc=630
인공지능 연구원(AI Research Engineer),㈜뉴다이브(Neudive Inc.,https://www.jobkorea.co.kr/Recruit/GI_Read/48322165?Oem_Code=C1&logpath=1&stext=AI%EC%97%94%EC%A7%80%EB%8B%88%EC%96%B4&listno=109&sc=630
[쓰리빌리언] 신약개발 AI Engineer(전문연구요원 지원 가능),㈜쓰리빌리언,https://www.jobkorea.co.kr/Recruit/GI_Read/48305329?Oem_Code=C1&logpath=1&stext=AI%EC%97%94%EC%A7%80%EB%8B%88%EC%96%B4&listno=108&sc=630
(취업연계)[IBM]AI Agent 서비스 개발자 교육생 모집,㈜하이미디어아카데미,https://www.jobkorea.co.kr/Recruit/GI_Read/48454208?Oem_Code=C1&logpath=1&stext=AI%EC%97%94%EC%A7%80%EB%8B%88%EC%96%B4&listno=117&sc=630
AI Agent Engineer (전문연구요원 가능),㈜히츠,https://www.jobkorea.co.kr/Recruit/GI_Read/48145180?Oem_Code=C1&logpath=1&stext=AI%EC%97%94%EC%A7%80%EB%8B%88%EC%96%B4&listno=120&sc=630
[AI/클라우드] 시스템 엔지니어 (경력),㈜에이프리카,https://www.jobkorea.co.kr/Recruit/GI_Read/48396133?Oem_Code=C1&logpath=1&stext=AI%EC%97%94%EC%A7%80%EB%8B%88%EC%96%B4&listno=111&sc=630
[핀테크/금융/AI/정규] AI / LLM 엔지니어 채용,Fount,https://www.jobkorea.co.kr/Recruit/GI_Read/48460428?Oem_Code=C1&logpath=1&stext=AI%EC%97%94%EC%A7%80%EB%8B%88%EC%96%B4&listno=105&sc=630
Full-Stack AI Engineer,투인피니티,https://www.jobkorea.co.kr/Recruit/GI_Read/48478200?Oem_Code=C1&logpath=1&stext=AI%EC%97%94%EC%A7%80%EB%8B%88%EC%96%B4&listno=104&sc=630
[전액국비] 취업연계 첨단기술 교육생 모집(반도체/AI/응용SW/로봇/스마트제조/IoT),대한상공회의소,https://www.jobkorea.co.kr/Recruit/GI_Read/48355411?Oem_Code=C1&logpath=1&stext=AI%EC%97%94%EC%A7%80%EB%8B%88%EC%96%B4&listno=123&sc=630
AI Engineer (SAIP),㈜에스투더블유,https://www.jobkorea.co.kr/Recruit/GI_Read/48193134?Oem_Code=C1&logpath=1&stext=AI%EC%97%94%EC%A7%80%EB%8B%88%EC%96%B4&listno=126&sc=630
AI Agent Engineer,파인더갭㈜,https://www.jobkorea.co.kr/Recruit/GI_Read/48390362?Oem_Code=C1&logpath=1&stext=AI%EC%97%94%EC%A7%80%EB%8B%88%EC%96%B4&listno=122&sc=630
이미지생성 AI 엔지니어 정규직 채용,라이트웨이트㈜,https://www.jobkorea.co.kr/Recruit/GI_Read/48159531?Oem_Code=C1&logpath=1&stext=AI%EC%97%94%EC%A7%80%EB%8B%88%EC%96%B4&listno=128&sc=630
개발자 AI 엔지니어,㈜넥시클,https://www.jobkorea.co.kr/Recruit/GI_Read/48452408?Oem_Code=C1&logpath=1&stext=AI%EC%97%94%EC%A7%80%EB%8B%88%EC%96%B4&listno=127&sc=630
[AI/HPC] K8S 엔지니어 모집,엠키스코어,https://www.jobkorea.co.kr/Recruit/GI_Read/48353427?Oem_Code=C1&logpath=1&stext=AI%EC%97%94%EC%A7%80%EB%8B%88%EC%96%B4&listno=125&sc=630
AI Research Engineer_Eval,셀렉트스타 주식회사,https://www.jobkorea.co.kr/Recruit/GI_Read/48398705?Oem_Code=C1&logpath=1&stext=AI%EC%97%94%EC%A7%80%EB%8B%88%EC%96%B4&listno=140&sc=630
AI Platform 엔지니어 모집 공고,인포그랩 유한회사,https://www.jobkorea.co.kr/Recruit/GI_Read/48487834?Oem_Code=C1&logpath=1&stext=AI%EC%97%94%EC%A7%80%EB%8B%88%EC%96%B4&listno=138&sc=630
R&D AI 엔지니어(리서처)를 모십니다.,㈜스위트앤데이터,https://www.jobkorea.co.kr/Recruit/GI_Read/48366365?Oem_Code=C1&logpath=1&stext=AI%EC%97%94%EC%A7%80%EB%8B%88%EC%96%B4&listno=124&sc=630
[독파모]AI리서치엔지니어-비전언어모델,Upstage,https://www.jobkorea.co.kr/Recruit/GI_Read/48279054?Oem_Code=C1&logpath=1&stext=AI%EC%97%94%EC%A7%80%EB%8B%88%EC%96%B4&listno=136&sc=630
AI 프롬프트 엔지니어 구합니다.,망고,https://www.jobkorea.co.kr/Recruit/GI_Read/48503695?Oem_Code=C1&logpath=1&stext=AI%EC%97%94%EC%A7%80%EB%8B%88%EC%96%B4&listno=139&sc=630
[제품본부] 시니어 AI Engineer - 5년 이상,매드업,https://www.jobkorea.co.kr/Recruit/GI_Read/48331723?Oem_Code=C1&logpath=1&stext=AI%EC%97%94%EC%A7%80%EB%8B%88%EC%96%B4&listno=131&sc=630
(취업연계과정)[더존비즈온] Cloud DX Academy 수강생 모집,㈜하이미디어아카데미,https://www.jobkorea.co.kr/Recruit/GI_Read/48319487?Oem_Code=C1&logpath=1&stext=AI%EC%97%94%EC%A7%80%EB%8B%88%EC%96%B4&listno=121&sc=551
[울산] AI 비전·데이터 분석 엔지니어,㈜인터엑스,https://www.jobkorea.co.kr/Recruit/GI_Read/48409798?Oem_Code=C1&logpath=1&stext=AI%EC%97%94%EC%A7%80%EB%8B%88%EC%96%B4&listno=133&sc=630
[신입/경력] Medical AI/MLOps 엔지니어 채용,㈜엠티에스컴퍼니,https://www.jobkorea.co.kr/Recruit/GI_Read/48396194?Oem_Code=C1&logpath=1&stext=AI%EC%97%94%EC%A7%80%EB%8B%88%EC%96%B4&listno=134&sc=630
APLUS AI CORE 백엔드 엔지니어,㈜버즈니,https://www.jobkorea.co.kr/Recruit/GI_Read/48363438?Oem_Code=C1&logpath=1&stext=AI%EC%97%94%EC%A7%80%EB%8B%88%EC%96%B4&listno=130&sc=630
[독파모]AI리서치엔지니어-LLM포스트트레이닝,Upstage,https://www.jobkorea.co.kr/Recruit/GI_Read/48279037?Oem_Code=C1&logpath=1&stext=AI%EC%97%94%EC%A7%80%EB%8B%88%EC%96%B4&listno=129&sc=630
R&D Engineer - AI - Robotics and Control,알에스오토메이션,https://www.jobkorea.co.kr/Recruit/GI_Read/48322365?Oem_Code=C1&logpath=1&stext=AI%EC%97%94%EC%A7%80%EB%8B%88%EC%96%B4&listno=132&sc=630
전략기획부 AI 데이터 엔지니어 모집,㈜이지수능교육,https://www.jobkorea.co.kr/Recruit/GI_Read/48402286?Oem_Code=C1&logpath=1&stext=AI%EC%97%94%EC%A7%80%EB%8B%88%EC%96%B4&listno=137&sc=630
AI자율제조를 위한 머신러닝 엔지니어 채용공고,㈜인텔리즈,https://www.jobkorea.co.kr/Recruit/GI_Read/48447451?Oem_Code=C1&logpath=1&stext=AI%EC%97%94%EC%A7%80%EB%8B%88%EC%96%B4&listno=135&sc=630
[AI 개발자] 소프트웨어 엔지니어 (책임 연구원) 채용,㈜로봇웨어에이아이,https://www.jobkorea.co.kr/Recruit/GI_Read/48475035?Oem_Code=C1&logpath=1&stext=AI%EC%97%94%EC%A7%80%EB%8B%88%EC%96%B4&listno=121&sc=630
[전액국비] 취업연계 첨단기술 교육생 모집(반도체/AI/응용SW/로봇/스마트제조/IoT),대한상공회의소,https://www.jobkorea.co.kr/Recruit/GI_Read/48438095?Oem_Code=C1&logpath=1&stext=AI%EC%97%94%EC%A7%80%EB%8B%88%EC%96%B4&listno=156&sc=630
[경력]자사 솔루션 연동 인재추천 AI/데이터 엔지니어 채용(내국인/과장급),㈜소프트인,https://www.jobkorea.co.kr/Recruit/GI_Read/48275260?Oem_Code=C1&logpath=1&stext=AI%EC%97%94%EC%A7%80%EB%8B%88%EC%96%B4&listno=144&sc=630
R&D Engineer - AI - Robotics and Control,알에스오토메이션,https://www.jobkorea.co.kr/Recruit/GI_Read/48481821?Oem_Code=C1&logpath=1&stext=AI%EC%97%94%EC%A7%80%EB%8B%88%EC%96%B4&listno=151&sc=630
[핀테크 스타트업] AI 에이전트 엔지니어 모십니다.,㈜와이에스메타,https://www.jobkorea.co.kr/Recruit/GI_Read/48278987?Oem_Code=C1&logpath=1&stext=AI%EC%97%94%EC%A7%80%EB%8B%88%EC%96%B4&listno=146&sc=630
멀티모달 AI 시스템 및 컴퓨터 비전 엔지니어 모집,㈜와이엠엑스,https://www.jobkorea.co.kr/Recruit/GI_Read/48379333?Oem_Code=C1&logpath=1&stext=AI%EC%97%94%EC%A7%80%EB%8B%88%EC%96%B4&listno=153&sc=630
[에듀테크] AI/데이터 기반 Python 백엔드 엔지니어 (OCR/LLM),㈜에듀비아,https://www.jobkorea.co.kr/Recruit/GI_Read/48499838?Oem_Code=C1&logpath=1&stext=AI%EC%97%94%EC%A7%80%EB%8B%88%EC%96%B4&listno=155&sc=630
[전문연]AI리서치엔지니어-비전언어모델,Upstage,https://www.jobkorea.co.kr/Recruit/GI_Read/48481433?Oem_Code=C1&logpath=1&stext=AI%EC%97%94%EC%A7%80%EB%8B%88%EC%96%B4&listno=145&sc=630
"[정규직, 계약직, 인턴][신입, 경력]AI 개발자/ML 엔지니어 채용",㈜랩큐(LabQ),https://www.jobkorea.co.kr/Recruit/GI_Read/48319487?Oem_Code=C1&logpath=1&stext=AI%EC%97%94%EC%A7%80%EB%8B%88%EC%96%B4&listno=141&sc=551
[하이브랩] AI 머신러닝 엔지니어 모집 (정규직),㈜하이브랩,https://www.jobkorea.co.kr/Recruit/GI_Read/48402286?Oem_Code=C1&logpath=1&stext=AI%EC%97%94%EC%A7%80%EB%8B%88%EC%96%B4&listno=142&sc=630
[폴리인스퍼레이션] AI / ML Engineer 채용,㈜폴리인스퍼레이션,https://www.jobkorea.co.kr/Recruit/GI_Read/48278301?Oem_Code=C1&logpath=1&stext=AI%EC%97%94%EC%A7%80%EB%8B%88%EC%96%B4&listno=159&sc=630
영상사운드 영어AI더빙 사운드엔지니어를 모집합니다.,㈜트위그팜,https://www.jobkorea.co.kr/Recruit/GI_Read/48386079?Oem_Code=C1&logpath=1&stext=AI%EC%97%94%EC%A7%80%EB%8B%88%EC%96%B4&listno=158&sc=630
[로봇/AI] Visual SLAM 엔지니어,㈜세코어로보틱스,https://www.jobkorea.co.kr/Recruit/GI_Read/48335754?Oem_Code=C1&logpath=1&stext=AI%EC%97%94%EC%A7%80%EB%8B%88%EC%96%B4&listno=141&sc=630
[보이스온] 음성(Audio) AI 엔지니어(한국어 TTS 모델) 모집,㈜소다라이브,https://www.jobkorea.co.kr/Recruit/GI_Read/48363747?Oem_Code=C1&logpath=1&stext=AI%EC%97%94%EC%A7%80%EB%8B%88%EC%96%B4&listno=154&sc=630
AI 머신 러닝 엔지니어 (대리급 이상),메타넷디지털㈜,https://www.jobkorea.co.kr/Recruit/GI_Read/48384939?Oem_Code=C1&logpath=1&stext=AI%EC%97%94%EC%A7%80%EB%8B%88%EC%96%B4&listno=157&sc=630
"2026학년도 하이테크과정 교육생모집 (품질관리(바이오ㆍ이화학)전문가, IT개발자(AIㆍSW)",한국폴리텍대학분당융합기술교육원,https://www.jobkorea.co.kr/Recruit/GI_Read/48367214?Oem_Code=C1&logpath=1&stext=AI%EC%97%94%EC%A7%80%EB%8B%88%EC%96%B4&listno=147&sc=630
[클루커스 부산캠퍼스] GEN AI Engineer 모집,㈜클루커스 부산캠퍼스,https://www.jobkorea.co.kr/Recruit/GI_Read/48440671?Oem_Code=C1&logpath=1&stext=AI%EC%97%94%EC%A7%80%EB%8B%88%EC%96%B4&listno=160&sc=630
[전문연구요원]AI Agent Engineer,㈜인터엑스,https://www.jobkorea.co.kr/Recruit/GI_Read/48145629?Oem_Code=C1&logpath=1&stext=AI%EC%97%94%EC%A7%80%EB%8B%88%EC%96%B4&listno=149&sc=630
[협업툴 플로우] AI 풀스택 엔지니어,마드라스체크㈜,https://www.jobkorea.co.kr/Recruit/GI_Read/48437554?Oem_Code=C1&logpath=1&stext=AI%EC%97%94%EC%A7%80%EB%8B%88%EC%96%B4&listno=148&sc=630
"AI-UX 엔지니어 모집 (AI 활용: 문제 정의, UX 설계, 웹/앱 개발)",디자인엑스,https://www.jobkorea.co.kr/Recruit/GI_Read/48422480?Oem_Code=C1&logpath=1&stext=AI%EC%97%94%EC%A7%80%EB%8B%88%EC%96%B4&listno=150&sc=630
[독파모]AI 리서치엔지니어-LLM Eval,Upstage,https://www.jobkorea.co.kr/Recruit/GI_Read/48434847?Oem_Code=C1&logpath=1&stext=AI%EC%97%94%EC%A7%80%EB%8B%88%EC%96%B4&listno=152&sc=630
AI 인프라(스토리지·워크스테이션·렌더팜) 엔지니어 / 솔루션 영업 채용,㈜하코그래픽솔루션,https://www.jobkorea.co.kr/Recruit/GI_Read/48447364?Oem_Code=C1&logpath=1&stext=AI%EC%97%94%EC%A7%80%EB%8B%88%EC%96%B4&listno=143&sc=630
[전액국비] 취업연계 첨단기술 교육생 모집(반도체/AI/응용SW/로봇/스마트제조/IoT),대한상공회의소,https://www.jobkorea.co.kr/Recruit/GI_Read/48482525?Oem_Code=C1&logpath=1&stext=AI%EC%97%94%EC%A7%80%EB%8B%88%EC%96%B4&listno=165&sc=630
"AI-UX 엔지니어 모집 (AI 활용: 문제 정의, UX 설계, 웹/앱 개발)",디자인엑스,https://www.jobkorea.co.kr/Recruit/GI_Read/48331625?Oem_Code=C1&logpath=1&stext=AI%EC%97%94%EC%A7%80%EB%8B%88%EC%96%B4&listno=180&sc=630
AI 인프라(스토리지·워크스테이션·렌더팜) 엔지니어 / 솔루션 영업 채용,㈜하코그래픽솔루션,https://www.jobkorea.co.kr/Recruit/GI_Read/48171758?Oem_Code=C1&logpath=1&stext=AI%EC%97%94%EC%A7%80%EB%8B%88%EC%96%B4&listno=173&sc=630
[독파모]AI 리서치엔지니어-LLM Eval,Upstage,https://www.jobkorea.co.kr/Recruit/GI_Read/48419334?Oem_Code=C1&logpath=1&stext=AI%EC%97%94%EC%A7%80%EB%8B%88%EC%96%B4&listno=176&sc=630
위드위 AI·자동화 장비 조립/설계 주니어 엔지니어 모집,위드위㈜,https://www.jobkorea.co.kr/Recruit/GI_Read/48409901?Oem_Code=C1&logpath=1&stext=AI%EC%97%94%EC%A7%80%EB%8B%88%EC%96%B4&listno=177&sc=630
AI기술개발 엔지니어 - 경력직(5년이상) 채용,㈜고우아이티,https://www.jobkorea.co.kr/Recruit/GI_Read/48319487?Oem_Code=C1&logpath=1&stext=AI%EC%97%94%EC%A7%80%EB%8B%88%EC%96%B4&listno=161&sc=551
[한국 재택근무 포지션] Secure AI Architect,Manpower Group Malaysia(Experis),https://www.jobkorea.co.kr/Recruit/GI_Read/48440671?Oem_Code=C1&logpath=1&stext=AI%EC%97%94%EC%A7%80%EB%8B%88%EC%96%B4&listno=162&sc=630
[경력] 컴퓨터비전 AI연구 및 개발 엔지니어,티엔에스에이아이㈜,https://www.jobkorea.co.kr/Recruit/GI_Read/48305963?Oem_Code=C1&logpath=1&stext=AI%EC%97%94%EC%A7%80%EB%8B%88%EC%96%B4&listno=179&sc=630
AI Robot 제어 알고리즘 엔지니어,㈜아이벡스,https://www.jobkorea.co.kr/Recruit/GI_Read/48270065?Oem_Code=C1&logpath=1&stext=AI%EC%97%94%EC%A7%80%EB%8B%88%EC%96%B4&listno=166&sc=630
[미디어젠(주)] Applied AI Engineer 채용(경력),미디어젠㈜,https://www.jobkorea.co.kr/Recruit/GI_Read/48471868?Oem_Code=C1&logpath=1&stext=AI%EC%97%94%EC%A7%80%EB%8B%88%EC%96%B4&listno=170&sc=630
[의료AI기업] 서비스 엔지니어 경력자 모집,뉴로핏㈜,https://www.jobkorea.co.kr/Recruit/GI_Read/48278301?Oem_Code=C1&logpath=1&stext=AI%EC%97%94%EC%A7%80%EB%8B%88%EC%96%B4&listno=163&sc=630
"Data&AI Engineer(Core Member, MidLevel) 채용",㈜데이터마케팅코리아,https://www.jobkorea.co.kr/Recruit/GI_Read/48443023?Oem_Code=C1&logpath=1&stext=AI%EC%97%94%EC%A7%80%EB%8B%88%EC%96%B4&listno=172&sc=630
AI. 백엔드 구현 엔지니어채용(설계제공/재택근무/결제.보안.구현),㈜윙키,https://www.jobkorea.co.kr/Recruit/GI_Read/48436502?Oem_Code=C1&logpath=1&stext=AI%EC%97%94%EC%A7%80%EB%8B%88%EC%96%B4&listno=178&sc=630
임상시험IT솔루션 - AI Engineer,㈜트라이얼인포매틱스,https://www.jobkorea.co.kr/Recruit/GI_Read/48412782?Oem_Code=C1&logpath=1&stext=AI%EC%97%94%EC%A7%80%EB%8B%88%EC%96%B4&listno=171&sc=630
[GIGABYTE] FAE (서버/AI 기술지원 엔지니어),기가바이트테크놀로지(유),https://www.jobkorea.co.kr/Recruit/GI_Read/48366781?Oem_Code=C1&logpath=1&stext=AI%EC%97%94%EC%A7%80%EB%8B%88%EC%96%B4&listno=175&sc=630
쿠버네티스 기반 AI 인프라 운영 엔지니어 채용,㈜퀀텀씨엔에스,https://www.jobkorea.co.kr/Recruit/GI_Read/48407066?Oem_Code=C1&logpath=1&stext=AI%EC%97%94%EC%A7%80%EB%8B%88%EC%96%B4&listno=174&sc=630
(병역특례) 증권 AI Agent 엔지니어,㈜씽크풀,https://www.jobkorea.co.kr/Recruit/GI_Read/48470939?Oem_Code=C1&logpath=1&stext=AI%EC%97%94%EC%A7%80%EB%8B%88%EC%96%B4&listno=168&sc=630
[서울] AI 비전·데이터 분석 엔지니어,㈜인터엑스,https://www.jobkorea.co.kr/Recruit/GI_Read/48420919?Oem_Code=C1&logpath=1&stext=AI%EC%97%94%EC%A7%80%EB%8B%88%EC%96%B4&listno=167&sc=630
로봇 SW 개발 엔지니어/로봇 AI RAG,㈜비전스페이스,https://www.jobkorea.co.kr/Recruit/GI_Read/48243454?Oem_Code=C1&logpath=1&stext=AI%EC%97%94%EC%A7%80%EB%8B%88%EC%96%B4&listno=169&sc=630
[숙식교육무료]삼성SDS BrityRPA와 함께 채용연계 취업준비생모집,삼성국민취업아카데미㈜,https://www.jobkorea.co.kr/Recruit/GI_Read/48488306?Oem_Code=C1&logpath=1&stext=AI%EC%97%94%EC%A7%80%EB%8B%88%EC%96%B4&listno=164&sc=630
[제품본부] AI Engineer - 3년 이상(전문연구요원 가능),매드업,https://www.jobkorea.co.kr/Recruit/GI_Read/48386079?Oem_Code=C1&logpath=1&stext=AI%EC%97%94%EC%A7%80%EB%8B%88%EC%96%B4&listno=161&sc=630
[전액국비] 취업연계 첨단기술 교육생 모집(반도체/AI/응용SW/로봇/스마트제조/IoT),대한상공회의소,https://www.jobkorea.co.kr/Recruit/GI_Read/48402170?Oem_Code=C1&logpath=1&stext=AI%EC%97%94%EC%A7%80%EB%8B%88%EC%96%B4&listno=196&sc=630
"[기술연구소] AI개발 데이터 설계, QA 엔지니어 경력 채용",㈜리스크제로,https://www.jobkorea.co.kr/Recruit/GI_Read/48372597?Oem_Code=C1&logpath=1&stext=AI%EC%97%94%EC%A7%80%EB%8B%88%EC%96%B4&listno=181&sc=630
대구지사에서 함께 할 AI 엔지니어 모집합니다.,㈜알씨케이,https://www.jobkorea.co.kr/Recruit/GI_Read/48499344?Oem_Code=C1&logpath=1&stext=AI%EC%97%94%EC%A7%80%EB%8B%88%EC%96%B4&listno=194&sc=630
[대화형AI기업] LLM 엔지니어 (경력),㈜라피치,https://www.jobkorea.co.kr/Recruit/GI_Read/48507169?Oem_Code=C1&logpath=1&stext=AI%EC%97%94%EC%A7%80%EB%8B%88%EC%96%B4&listno=182&sc=630
[국비무료/기숙사제공]AI/빅데이터/풀스택/KDT심화,휴먼교육센터,https://www.jobkorea.co.kr/Recruit/GI_Read/48459155?Oem_Code=C1&logpath=1&stext=AI%EC%97%94%EC%A7%80%EB%8B%88%EC%96%B4&listno=195&sc=630
AI비전 솔루션 개발 엔지니어(AI/백엔드/프론트엔드) 경력 채용,㈜에이치씨엔씨,https://www.jobkorea.co.kr/Recruit/GI_Read/48413417?Oem_Code=C1&logpath=1&stext=AI%EC%97%94%EC%A7%80%EB%8B%88%EC%96%B4&listno=183&sc=630
KH 정보교육원 부산지원 AI 엔지니어 교육 강사채용,㈜케이에이치정보교육원,https://www.jobkorea.co.kr/Recruit/GI_Read/48416217?Oem_Code=C1&logpath=1&stext=AI%EC%97%94%EC%A7%80%EB%8B%88%EC%96%B4&listno=184&sc=630
[취업캠프]UXUI웹디자인/프론트엔드/영상편집제작/AI인공지능개발/마케팅,㈜이젠아카데미,https://www.jobkorea.co.kr/Recruit/GI_Read/48375266?Oem_Code=C1&logpath=1&stext=AI%EC%97%94%EC%A7%80%EB%8B%88%EC%96%B4&listno=191&sc=630
[시리즈B유치] AI 웹서비스 풀스택 엔지니어,㈜소테리아,https://www.jobkorea.co.kr/Recruit/GI_Read/48412202?Oem_Code=C1&logpath=1&stext=AI%EC%97%94%EC%A7%80%EB%8B%88%EC%96%B4&listno=186&sc=630
(주)엠폴 산업 AI 엔지니어 채용(전문연구요원),㈜엠폴,https://www.jobkorea.co.kr/Recruit/GI_Read/48418799?Oem_Code=C1&logpath=1&stext=AI%EC%97%94%EC%A7%80%EB%8B%88%EC%96%B4&listno=200&sc=630
[다우키움 계열사] AI 자동화 엔지니어 (3년 이상),㈜레진엔터테인먼트,https://www.jobkorea.co.kr/Recruit/GI_Read/48276881?Oem_Code=C1&logpath=1&stext=AI%EC%97%94%EC%A7%80%EB%8B%88%EC%96%B4&listno=185&sc=630
[IT기업] 벡엔드 엔지니어(AI Domain),㈜인포유앤컴퍼니,https://www.jobkorea.co.kr/Recruit/GI_Read/48474964?Oem_Code=C1&logpath=1&stext=AI%EC%97%94%EC%A7%80%EB%8B%88%EC%96%B4&listno=189&sc=630
[젠티] 인공지능(AI) 엔지니어 모집 (병역특례 전문연구요원 - 보충역),㈜젠티,https://www.jobkorea.co.kr/Recruit/GI_Read/48375647?Oem_Code=C1&logpath=1&stext=AI%EC%97%94%EC%A7%80%EB%8B%88%EC%96%B4&listno=197&sc=630
AI 프롬프트 엔지니어 모집 안내,㈜메타크래프트,https://www.jobkorea.co.kr/Recruit/GI_Read/48394248?Oem_Code=C1&logpath=1&stext=AI%EC%97%94%EC%A7%80%EB%8B%88%EC%96%B4&listno=198&sc=630
[AI 법률 스타트업] 능력 있는 AI 컴퓨터 비전 엔지니어를 모십니다(경력),㈜로챗,https://www.jobkorea.co.kr/Recruit/GI_Read/48457919?Oem_Code=C1&logpath=1&stext=AI%EC%97%94%EC%A7%80%EB%8B%88%EC%96%B4&listno=188&sc=630
[서울지사] AI 에이전트 및 워크플로우 엔지니어 모집,㈜인사이트온,https://www.jobkorea.co.kr/Recruit/GI_Read/48413376?Oem_Code=C1&logpath=1&stext=AI%EC%97%94%EC%A7%80%EB%8B%88%EC%96%B4&listno=199&sc=630
AI Backend Engineer,나무기술㈜,https://www.jobkorea.co.kr/Recruit/GI_Read/48319487?Oem_Code=C1&logpath=1&stext=AI%EC%97%94%EC%A7%80%EB%8B%88%EC%96%B4&listno=181&sc=551
AI사업본부(제주) 채용 - LLM 엔지니어,㈜플렉싱크,https://www.jobkorea.co.kr/Recruit/GI_Read/48479680?Oem_Code=C1&logpath=1&stext=AI%EC%97%94%EC%A7%80%EB%8B%88%EC%96%B4&listno=187&sc=630
능력 있는 AI/데이터 엔지니어를 모십니다 (경력 2년 이상),㈜로챗,https://www.jobkorea.co.kr/Recruit/GI_Read/48250090?Oem_Code=C1&logpath=1&stext=AI%EC%97%94%EC%A7%80%EB%8B%88%EC%96%B4&listno=192&sc=630
[대화형AI기업] LLM 엔지니어 (전문연구요원 / 병역특례),㈜라피치,https://www.jobkorea.co.kr/Recruit/GI_Read/48353512?Oem_Code=C1&logpath=1&stext=AI%EC%97%94%EC%A7%80%EB%8B%88%EC%96%B4&listno=190&sc=630
AI 의료기기 스타트업 채용 공고(제조/생산 엔지니어),㈜에스앤엠메디칼,https://www.jobkorea.co.kr/Recruit/GI_Read/48170568?Oem_Code=C1&logpath=1&stext=AI%EC%97%94%EC%A7%80%EB%8B%88%EC%96%B4&listno=193&sc=630
[전액국비] 취업연계 첨단기술 교육생 모집(반도체/AI/응용SW/로봇/스마트제조/IoT),대한상공회의소,https://www.jobkorea.co.kr/Recruit/GI_Read/48410615?Oem_Code=C1&logpath=1&stext=AI%EC%97%94%EC%A7%80%EB%8B%88%EC%96%B4&listno=216&sc=630
AI사업본부(서울) 채용 - LLM 엔지니어,㈜플렉싱크,https://www.jobkorea.co.kr/Recruit/GI_Read/48344285?Oem_Code=C1&logpath=1&stext=AI%EC%97%94%EC%A7%80%EB%8B%88%EC%96%B4&listno=205&sc=630
AI Application / ML Engineer (신입 및 경력 3년 이상),"주식회사 넥스인테크놀로지(NexIn Technology Co.,Ltd",https://www.jobkorea.co.kr/Recruit/GI_Read/48233042?Oem_Code=C1&logpath=1&stext=AI%EC%97%94%EC%A7%80%EB%8B%88%EC%96%B4&listno=202&sc=630
[잇올 본사] AI/LLM 서비스 백엔드 엔지니어 채용,㈜잇올,https://www.jobkorea.co.kr/Recruit/GI_Read/48410760?Oem_Code=C1&logpath=1&stext=AI%EC%97%94%EC%A7%80%EB%8B%88%EC%96%B4&listno=219&sc=630
[㈜딥엑스][AI반도체] 신입 (학/석/박사) HW/SW 엔지니어,㈜딥엑스,https://www.jobkorea.co.kr/Recruit/GI_Read/48455927?Oem_Code=C1&logpath=1&stext=AI%EC%97%94%EC%A7%80%EB%8B%88%EC%96%B4&listno=203&sc=630
[하이브랩] 풀스택 AI 엔지니어 채용 (5년차 이상),㈜하이브랩,https://www.jobkorea.co.kr/Recruit/GI_Read/48181836?Oem_Code=C1&logpath=1&stext=AI%EC%97%94%EC%A7%80%EB%8B%88%EC%96%B4&listno=211&sc=630
[IL GROUP] 로봇 개발자(AI시뮬레이션 엔지니어),㈜아이엘,https://www.jobkorea.co.kr/Recruit/GI_Read/48431349?Oem_Code=C1&logpath=1&stext=AI%EC%97%94%EC%A7%80%EB%8B%88%EC%96%B4&listno=212&sc=630
AI 및 라이브 기반 반려동물 양육 플랫폼 데이터엔지니어 개발자 채용,㈜플레이웍스,https://www.jobkorea.co.kr/Recruit/GI_Read/48379371?Oem_Code=C1&logpath=1&stext=AI%EC%97%94%EC%A7%80%EB%8B%88%EC%96%B4&listno=213&sc=630
생성형 AI 빅데이터 마케팅 플랫폼 데이터엔지니어(python) 채용.,㈜빅링크,https://www.jobkorea.co.kr/Recruit/GI_Read/48441434?Oem_Code=C1&logpath=1&stext=AI%EC%97%94%EC%A7%80%EB%8B%88%EC%96%B4&listno=209&sc=630
[인피닉] AI연구소 VLM엔지니어 채용,㈜인피닉,https://www.jobkorea.co.kr/Recruit/GI_Read/48237367?Oem_Code=C1&logpath=1&stext=AI%EC%97%94%EC%A7%80%EB%8B%88%EC%96%B4&listno=208&sc=630
(주)엠폴 AI 오픈모델 최적화 엔지니어 채용(전문연구요원),㈜엠폴,https://www.jobkorea.co.kr/Recruit/GI_Read/48375595?Oem_Code=C1&logpath=1&stext=AI%EC%97%94%EC%A7%80%EB%8B%88%EC%96%B4&listno=201&sc=630
"[서울/경기/인천] 국비 전액지원 무료 취업교육생과정모집 (AI, 풀스택개발, 웹디자인/퍼블리싱, 게임/메타",엠비씨(MBC)아카데미 컴퓨터교육센터,https://www.jobkorea.co.kr/Recruit/GI_Read/48359095?Oem_Code=C1&logpath=1&stext=AI%EC%97%94%EC%A7%80%EB%8B%88%EC%96%B4&listno=218&sc=630
[비에이블컴퍼니 AI 기반 콘텐츠 자동화 플랫폼] 프론트엔드 엔지니어 채용,비에이블컴퍼니,https://www.jobkorea.co.kr/Recruit/GI_Read/48403474?Oem_Code=C1&logpath=1&stext=AI%EC%97%94%EC%A7%80%EB%8B%88%EC%96%B4&listno=206&sc=630
AI Machine Learning 엔지니어,㈜메타넷엑스,https://www.jobkorea.co.kr/Recruit/GI_Read/48329381?Oem_Code=C1&logpath=1&stext=AI%EC%97%94%EC%A7%80%EB%8B%88%EC%96%B4&listno=215&sc=630
[일본도쿄 현지취업]AI업계 FDSE(경력3년이상) K204,(주)마이나비코리아,https://www.jobkorea.co.kr/Recruit/GI_Read/48483789?Oem_Code=C1&logpath=1&stext=AI%EC%97%94%EC%A7%80%EB%8B%88%EC%96%B4&listno=204&sc=630
[국비지원IT취업교육]JAVA웹앱/프론트엔드/백엔드/풀스택/빅데이터/인공지능 외 자바개발자취업교육과정,한국ICT인재개발원,https://www.jobkorea.co.kr/Recruit/GI_Read/48290637?Oem_Code=C1&logpath=1&stext=AI%EC%97%94%EC%A7%80%EB%8B%88%EC%96%B4&listno=207&sc=630
AI Architect,"씨제이올리브영(주)
CJ그룹",https://www.jobkorea.co.kr/Recruit/GI_Read/48330987?Oem_Code=C1&logpath=1&stext=AI%EC%97%94%EC%A7%80%EB%8B%88%EC%96%B4&listno=214&sc=630
[취업캠프]카티아 자동차 모빌리티설계/반도체자동화장비/로봇스마트팩토리,㈜이젠아카데미,https://www.jobkorea.co.kr/Recruit/GI_Read/48301392?Oem_Code=C1&logpath=1&stext=AI%EC%97%94%EC%A7%80%EB%8B%88%EC%96%B4&listno=220&sc=630
[CDO] AI/빅데이터 연구개발 경력 상시 모집 - AI Agent 개발,LG에너지솔루션,https://www.jobkorea.co.kr/Recruit/GI_Read/48319487?Oem_Code=C1&logpath=1&stext=AI%EC%97%94%EC%A7%80%EB%8B%88%EC%96%B4&listno=201&sc=551
Forward Deployed Data Scientist,"씨제이올리브영(주)
CJ그룹",https://www.jobkorea.co.kr/Recruit/GI_Read/48475000?Oem_Code=C1&logpath=1&stext=AI%EC%97%94%EC%A7%80%EB%8B%88%EC%96%B4&listno=210&sc=630
Machine Learning Engineer (Search) (신입),"㈜카카오
카카오그룹",https://www.jobkorea.co.kr/Recruit/GI_Read/48435614?Oem_Code=C1&logpath=1&stext=AI%EC%97%94%EC%A7%80%EB%8B%88%EC%96%B4&listno=217&sc=630
[전액국비] 취업연계 첨단기술 교육생 모집(반도체/AI/응용SW/로봇/스마트제조/IoT),대한상공회의소,https://www.jobkorea.co.kr/Recruit/GI_Read/48301451?Oem_Code=C1&logpath=1&stext=AI%EC%97%94%EC%A7%80%EB%8B%88%EC%96%B4&listno=226&sc=630
제조 AI 전문가 영입,"SK㈜ AX
SK 그룹",https://www.jobkorea.co.kr/Recruit/GI_Read/48479871?Oem_Code=C1&logpath=1&stext=AI%EC%97%94%EC%A7%80%EB%8B%88%EC%96%B4&listno=236&sc=630
[CDO] AI/빅데이터 연구개발 경력 상시 모집 - 소재개발AI,LG에너지솔루션,https://www.jobkorea.co.kr/Recruit/GI_Read/48161012?Oem_Code=C1&logpath=1&stext=AI%EC%97%94%EC%A7%80%EB%8B%88%EC%96%B4&listno=238&sc=630
[카카오모빌리티] MLOps 엔지니어,"카카오모빌리티
카카오그룹",https://www.jobkorea.co.kr/Recruit/GI_Read/48369341?Oem_Code=C1&logpath=1&stext=AI%EC%97%94%EC%A7%80%EB%8B%88%EC%96%B4&listno=233&sc=630
(주)엘앤에프 정보보안부문(AI) 신입/경력사원 채용,㈜엘앤에프,https://www.jobkorea.co.kr/Recruit/GI_Read/48359069?Oem_Code=C1&logpath=1&stext=AI%EC%97%94%EC%A7%80%EB%8B%88%EC%96%B4&listno=234&sc=630
컨설팅부문 Gen AI 서비스 및 애플리케이션 개발 컨설턴트,한영회계법인,https://www.jobkorea.co.kr/Recruit/GI_Read/48497162?Oem_Code=C1&logpath=1&stext=AI%EC%97%94%EC%A7%80%EB%8B%88%EC%96%B4&listno=221&sc=630
Machine Learning Engineer (Search) (경력),"㈜카카오
카카오그룹",https://www.jobkorea.co.kr/Recruit/GI_Read/48319487?Oem_Code=C1&logpath=1&stext=AI%EC%97%94%EC%A7%80%EB%8B%88%EC%96%B4&listno=221&sc=551
Vision/Graphics AI 개발자 채용,넷마블,https://www.jobkorea.co.kr/Recruit/GI_Read/48429359?Oem_Code=C1&logpath=1&stext=AI%EC%97%94%EC%A7%80%EB%8B%88%EC%96%B4&listno=228&sc=630
AI 모델 서버 개발자,카카오뱅크,https://www.jobkorea.co.kr/Recruit/GI_Read/48377600?Oem_Code=C1&logpath=1&stext=AI%EC%97%94%EC%A7%80%EB%8B%88%EC%96%B4&listno=231&sc=630
[슈프리마] AI 알고리즘 개발자 모집,㈜슈프리마,https://www.jobkorea.co.kr/Recruit/GI_Read/48465609?Oem_Code=C1&logpath=1&stext=AI%EC%97%94%EC%A7%80%EB%8B%88%EC%96%B4&listno=224&sc=630
[CDO] AI/빅데이터 연구개발 경력 상시 모집,LG에너지솔루션,https://www.jobkorea.co.kr/Recruit/GI_Read/48496999?Oem_Code=C1&logpath=1&stext=AI%EC%97%94%EC%A7%80%EB%8B%88%EC%96%B4&listno=235&sc=630
(주)면사랑 업무혁신팀 AI 기획·활용 담당자 채용(경력),㈜면사랑,https://www.jobkorea.co.kr/Recruit/GI_Read/48401879?Oem_Code=C1&logpath=1&stext=AI%EC%97%94%EC%A7%80%EB%8B%88%EC%96%B4&listno=240&sc=630
[대웅] 웰다 AI 파트장 채용,㈜대웅제약,https://www.jobkorea.co.kr/Recruit/GI_Read/48468005?Oem_Code=C1&logpath=1&stext=AI%EC%97%94%EC%A7%80%EB%8B%88%EC%96%B4&listno=223&sc=630
에프앤가이드 AI팀 AI 개발 담당자 모집,㈜에프앤가이드,https://www.jobkorea.co.kr/Recruit/GI_Read/48354939?Oem_Code=C1&logpath=1&stext=AI%EC%97%94%EC%A7%80%EB%8B%88%EC%96%B4&listno=230&sc=630
[CDO] AI/빅데이터 연구개발 경력 상시 모집 - AI기술개발,LG에너지솔루션,https://www.jobkorea.co.kr/Recruit/GI_Read/48441290?Oem_Code=C1&logpath=1&stext=AI%EC%97%94%EC%A7%80%EB%8B%88%EC%96%B4&listno=229&sc=630
제조 AI Data Platform 전문가 영입,"SK㈜ AX
SK 그룹",https://www.jobkorea.co.kr/Recruit/GI_Read/48359164?Oem_Code=C1&logpath=1&stext=AI%EC%97%94%EC%A7%80%EB%8B%88%EC%96%B4&listno=222&sc=630
AI Developer 경력직 수시채용,신한DS,https://www.jobkorea.co.kr/Recruit/GI_Read/48429103?Oem_Code=C1&logpath=1&stext=AI%EC%97%94%EC%A7%80%EB%8B%88%EC%96%B4&listno=232&sc=630
[CDO] AI/빅데이터 연구개발 경력 상시 모집 - 비전AI기술개발,LG에너지솔루션,https://www.jobkorea.co.kr/Recruit/GI_Read/48426840?Oem_Code=C1&logpath=1&stext=AI%EC%97%94%EC%A7%80%EB%8B%88%EC%96%B4&listno=239&sc=630
[메이플스토리 월드] 게임 프로그래머 (AI 기반 플랫폼),㈜넥슨,https://www.jobkorea.co.kr/Recruit/GI_Read/48256843?Oem_Code=C1&logpath=1&stext=AI%EC%97%94%EC%A7%80%EB%8B%88%EC%96%B4&listno=227&sc=630
[㈜한국숙련도평가원] 데이터엔지니어링 분야 모집,(재)여성기업종합지원센터,https://www.jobkorea.co.kr/Recruit/GI_Read/48462664?Oem_Code=C1&logpath=1&stext=AI%EC%97%94%EC%A7%80%EB%8B%88%EC%96%B4&listno=225&sc=630
항공우주 무인기 AI 전문인력 상시모집,"대한항공
한진그룹",https://www.jobkorea.co.kr/Recruit/GI_Read/48359125?Oem_Code=C1&logpath=1&stext=AI%EC%97%94%EC%A7%80%EB%8B%88%EC%96%B4&listno=237&sc=630
[전액국비] 취업연계 첨단기술 교육생 모집(반도체/AI/응용SW/로봇/스마트제조/IoT),대한상공회의소,https://www.jobkorea.co.kr/Recruit/GI_Read/48368620?Oem_Code=C1&logpath=1&stext=AI%EC%97%94%EC%A7%80%EB%8B%88%EC%96%B4&listno=249&sc=630
AI 개발 RM 경력직 수시채용,신한DS,https://www.jobkorea.co.kr/Recruit/GI_Read/48467474?Oem_Code=C1&logpath=1&stext=AI%EC%97%94%EC%A7%80%EB%8B%88%EC%96%B4&listno=256&sc=630
Product Centor/ Frontend Engineer 채용,주식회사 솔트룩스,https://www.jobkorea.co.kr/Recruit/GI_Read/48459223?Oem_Code=C1&logpath=1&stext=AI%EC%97%94%EC%A7%80%EB%8B%88%EC%96%B4&listno=251&sc=630
AI 풀스택 개발자 (경력),"㈜카카오
카카오그룹",https://www.jobkorea.co.kr/Recruit/GI_Read/48509605?Oem_Code=C1&logpath=1&stext=AI%EC%97%94%EC%A7%80%EB%8B%88%EC%96%B4&listno=260&sc=630
각 분야별 경력직 채용 - 로보틱스 연구 및 기술기획,원익로보틱스,https://www.jobkorea.co.kr/Recruit/GI_Read/48503033?Oem_Code=C1&logpath=1&stext=AI%EC%97%94%EC%A7%80%EB%8B%88%EC%96%B4&listno=242&sc=630
Principal ML Engineer,㈜띵스파이어,https://www.jobkorea.co.kr/Recruit/GI_Read/48410412?Oem_Code=C1&logpath=1&stext=AI%EC%97%94%EC%A7%80%EB%8B%88%EC%96%B4&listno=246&sc=630
Platform Engineer,"씨제이올리브영(주)
CJ그룹",https://www.jobkorea.co.kr/Recruit/GI_Read/48301938?Oem_Code=C1&logpath=1&stext=AI%EC%97%94%EC%A7%80%EB%8B%88%EC%96%B4&listno=243&sc=630
2026년 미국 Battery Tech Conference 채용전형 모집 - 미래기술,LG에너지솔루션,https://www.jobkorea.co.kr/Recruit/GI_Read/48469835?Oem_Code=C1&logpath=1&stext=AI%EC%97%94%EC%A7%80%EB%8B%88%EC%96%B4&listno=258&sc=630
LS사업부 AI 경력사원 상시채용,"한화에어로스페이스㈜
한화그룹",https://www.jobkorea.co.kr/Recruit/GI_Read/48420624?Oem_Code=C1&logpath=1&stext=AI%EC%97%94%EC%A7%80%EB%8B%88%EC%96%B4&listno=244&sc=630
[국비지원] AI를 활용한 SW개발자 취업연계 교육생 모집,부경대학교산학협력단,https://www.jobkorea.co.kr/Recruit/GI_Read/48347894?Oem_Code=C1&logpath=1&stext=AI%EC%97%94%EC%A7%80%EB%8B%88%EC%96%B4&listno=248&sc=630
FY2026 상반기 경력사원 채용 - AI LLM,"교보생명보험(주)
교보생명보험그룹",https://www.jobkorea.co.kr/Recruit/GI_Read/48467430?Oem_Code=C1&logpath=1&stext=AI%EC%97%94%EC%A7%80%EB%8B%88%EC%96%B4&listno=252&sc=630
[슈프리마] 얼굴인식 AI 개발자 모집,㈜슈프리마,https://www.jobkorea.co.kr/Recruit/GI_Read/48428534?Oem_Code=C1&logpath=1&stext=AI%EC%97%94%EC%A7%80%EB%8B%88%EC%96%B4&listno=255&sc=630
2026년 미국 Battery Tech Conference 채용전형 모집 - 소형전지개발,LG에너지솔루션,https://www.jobkorea.co.kr/Recruit/GI_Read/48467440?Oem_Code=C1&logpath=1&stext=AI%EC%97%94%EC%A7%80%EB%8B%88%EC%96%B4&listno=247&sc=630
2026년 미국 Battery Tech Conference 채용전형 모집 - ESS전지개발,LG에너지솔루션,https://www.jobkorea.co.kr/Recruit/GI_Read/48319487?Oem_Code=C1&logpath=1&stext=AI%EC%97%94%EC%A7%80%EB%8B%88%EC%96%B4&listno=241&sc=551
2026년 미국 Battery Tech Conference 채용전형 모집 - 자동차전지개발,LG에너지솔루션,https://www.jobkorea.co.kr/Recruit/GI_Read/48509580?Oem_Code=C1&logpath=1&stext=AI%EC%97%94%EC%A7%80%EB%8B%88%EC%96%B4&listno=250&sc=630
ML 플랫폼/추천시스템 개발 (경력),"네이버웹툰
네이버그룹",https://www.jobkorea.co.kr/Recruit/GI_Read/48166943?Oem_Code=C1&logpath=1&stext=AI%EC%97%94%EC%A7%80%EB%8B%88%EC%96%B4&listno=245&sc=630
2026년 미국 Battery Tech Conference 채용전형 모집 - Pack선행개발,LG에너지솔루션,https://www.jobkorea.co.kr/Recruit/GI_Read/48467405?Oem_Code=C1&logpath=1&stext=AI%EC%97%94%EC%A7%80%EB%8B%88%EC%96%B4&listno=254&sc=630
기술연구소 임베디드 분야 자동제어 소프트웨어 개발 인력 채용,(주)한백전자,https://www.jobkorea.co.kr/Recruit/GI_Read/48467416?Oem_Code=C1&logpath=1&stext=AI%EC%97%94%EC%A7%80%EB%8B%88%EC%96%B4&listno=253&sc=630
AI 개발자,㈜다날,https://www.jobkorea.co.kr/Recruit/GI_Read/48509636?Oem_Code=C1&logpath=1&stext=AI%EC%97%94%EC%A7%80%EB%8B%88%EC%96%B4&listno=259&sc=630
FY2026 상반기 경력사원 채용 - AI보안기획/운영,"교보생명보험(주)
교보생명보험그룹",https://www.jobkorea.co.kr/Recruit/GI_Read/48247574?Oem_Code=C1&logpath=1&stext=AI%EC%97%94%EC%A7%80%EB%8B%88%EC%96%B4&listno=241&sc=630
FY2026 상반기 경력사원 채용 - AI품질관리,"교보생명보험(주)
교보생명보험그룹",https://www.jobkorea.co.kr/Recruit/GI_Read/48475091?Oem_Code=C1&logpath=1&stext=AI%EC%97%94%EC%A7%80%EB%8B%88%EC%96%B4&listno=257&sc=630
[전액국비] 취업연계 첨단기술 교육생 모집(반도체/AI/응용SW/로봇/스마트제조/IoT),대한상공회의소,https://www.jobkorea.co.kr/Recruit/GI_Read/48319487?Oem_Code=C1&logpath=1&stext=AI%EC%97%94%EC%A7%80%EB%8B%88%EC%96%B4&listno=261&sc=551
[카페24] AI 기반 내부 시스템 개발자 모집,카페24㈜,https://www.jobkorea.co.kr/Recruit/GI_Read/48467523?Oem_Code=C1&logpath=1&stext=AI%EC%97%94%EC%A7%80%EB%8B%88%EC%96%B4&listno=274&sc=630
Agentic AI Platform 개발자 (경력),"㈜카카오
카카오그룹",https://www.jobkorea.co.kr/Recruit/GI_Read/48439322?Oem_Code=C1&logpath=1&stext=AI%EC%97%94%EC%A7%80%EB%8B%88%EC%96%B4&listno=266&sc=630
2026년 미국 Battery Tech Conference 채용전형 모집 - AI/빅데이터(시뮬레이션 AI),LG에너지솔루션,https://www.jobkorea.co.kr/Recruit/GI_Read/48467490?Oem_Code=C1&logpath=1&stext=AI%EC%97%94%EC%A7%80%EB%8B%88%EC%96%B4&listno=267&sc=630
2026년 미국 Battery Tech Conference 채용전형 모집 - AI/빅데이터(비전AI),LG에너지솔루션,https://www.jobkorea.co.kr/Recruit/GI_Read/48420551?Oem_Code=C1&logpath=1&stext=AI%EC%97%94%EC%A7%80%EB%8B%88%EC%96%B4&listno=275&sc=630
대학생 체험형 인턴사원 공개채용-AI솔루션부,신한투자증권,https://www.jobkorea.co.kr/Recruit/GI_Read/48509563?Oem_Code=C1&logpath=1&stext=AI%EC%97%94%EC%A7%80%EB%8B%88%EC%96%B4&listno=277&sc=630
"교육사업 인공지능(AI) 개발 담당 - 석사, 경력 2년 이상",㈜셀바스에이아이,https://www.jobkorea.co.kr/Recruit/GI_Read/48300757?Oem_Code=C1&logpath=1&stext=AI%EC%97%94%EC%A7%80%EB%8B%88%EC%96%B4&listno=262&sc=630
2026년 미국 Battery Tech Conference 채용전형 모집 - 분석,LG에너지솔루션,https://www.jobkorea.co.kr/Recruit/GI_Read/48256990?Oem_Code=C1&logpath=1&stext=AI%EC%97%94%EC%A7%80%EB%8B%88%EC%96%B4&listno=279&sc=630
2026년 미국 Battery Tech Conference 채용전형 모집 - Cell선행개발,LG에너지솔루션,https://www.jobkorea.co.kr/Recruit/GI_Read/48467459?Oem_Code=C1&logpath=1&stext=AI%EC%97%94%EC%A7%80%EB%8B%88%EC%96%B4&listno=268&sc=630
2026년 미국 Battery Tech Conference 채용전형 모집 - AI/빅데이터(전력거래솔루션),LG에너지솔루션,https://www.jobkorea.co.kr/Recruit/GI_Read/48467513?Oem_Code=C1&logpath=1&stext=AI%EC%97%94%EC%A7%80%EB%8B%88%EC%96%B4&listno=264&sc=630
2026년 미국 Battery Tech Conference 채용전형 모집 - AI/빅데이터(저전압데이터분석),LG에너지솔루션,https://www.jobkorea.co.kr/Recruit/GI_Read/48467529?Oem_Code=C1&logpath=1&stext=AI%EC%97%94%EC%A7%80%EB%8B%88%EC%96%B4&listno=273&sc=630
2026년 미국 Battery Tech Conference 채용전형 모집 - BMS개발,LG에너지솔루션,https://www.jobkorea.co.kr/Recruit/GI_Read/48467486?Oem_Code=C1&logpath=1&stext=AI%EC%97%94%EC%A7%80%EB%8B%88%EC%96%B4&listno=271&sc=630
경력사원 채용 - AI 전략,"삼성화재해상보험
삼성그룹",https://www.jobkorea.co.kr/Recruit/GI_Read/48467544?Oem_Code=C1&logpath=1&stext=AI%EC%97%94%EC%A7%80%EB%8B%88%EC%96%B4&listno=270&sc=630
2026년 미국 Battery Tech Conference 채용전형 모집 - AI/빅데이터(Agentic AI),LG에너지솔루션,https://www.jobkorea.co.kr/Recruit/GI_Read/48467549?Oem_Code=C1&logpath=1&stext=AI%EC%97%94%EC%A7%80%EB%8B%88%EC%96%B4&listno=280&sc=630
2026년 미국 Battery Tech Conference 채용전형 모집 - AI/빅데이터(소재개발),LG에너지솔루션,https://www.jobkorea.co.kr/Recruit/GI_Read/48494773?Oem_Code=C1&logpath=1&stext=AI%EC%97%94%EC%A7%80%EB%8B%88%EC%96%B4&listno=272&sc=630
각 분야별 경력직 채용 - 로봇핸드 AI 기술개발,원익로보틱스,https://www.jobkorea.co.kr/Recruit/GI_Read/48492502?Oem_Code=C1&logpath=1&stext=AI%EC%97%94%EC%A7%80%EB%8B%88%EC%96%B4&listno=265&sc=630
2026년 미국 Battery Tech Conference 채용전형 모집 - 제조DX,LG에너지솔루션,https://www.jobkorea.co.kr/Recruit/GI_Read/48496983?Oem_Code=C1&logpath=1&stext=AI%EC%97%94%EC%A7%80%EB%8B%88%EC%96%B4&listno=261&sc=630
FY2026 상반기 경력사원 채용 - AI서비스기획,"교보생명보험(주)
교보생명보험그룹",https://www.jobkorea.co.kr/Recruit/GI_Read/48467558?Oem_Code=C1&logpath=1&stext=AI%EC%97%94%EC%A7%80%EB%8B%88%EC%96%B4&listno=263&sc=630
[지앤지커머스] AX지원셀 AX 엔지니어 채용,㈜지앤지커머스,https://www.jobkorea.co.kr/Recruit/GI_Read/48367483?Oem_Code=C1&logpath=1&stext=AI%EC%97%94%EC%A7%80%EB%8B%88%EC%96%B4&listno=278&sc=630
클라이언트 엔지니어 모집,넷마블,https://www.jobkorea.co.kr/Recruit/GI_Read/48467496?Oem_Code=C1&logpath=1&stext=AI%EC%97%94%EC%A7%80%EB%8B%88%EC%96%B4&listno=276&sc=630
2026년 미국 Battery Tech Conference 채용전형 모집 - AI/빅데이터(제품개발AI),LG에너지솔루션,https://www.jobkorea.co.kr/Recruit/GI_Read/48467566?Oem_Code=C1&logpath=1&stext=AI%EC%97%94%EC%A7%80%EB%8B%88%EC%96%B4&listno=269&sc=630
[전액국비] 취업연계 첨단기술 교육생 모집(반도체/AI/응용SW/로봇/스마트제조/IoT),대한상공회의소,https://www.jobkorea.co.kr/Recruit/GI_Read/48308083?Oem_Code=C1&logpath=1&stext=AI%EC%97%94%EC%A7%80%EB%8B%88%EC%96%B4&listno=297&sc=630
2026년 미국 Battery Tech Conference 채용전형 모집 - AI/빅데이터(AI최적화),LG에너지솔루션,https://www.jobkorea.co.kr/Recruit/GI_Read/48501772?Oem_Code=C1&logpath=1&stext=AI%EC%97%94%EC%A7%80%EB%8B%88%EC%96%B4&listno=296&sc=630
클라이언트 엔지니어 모집,넷마블,https://www.jobkorea.co.kr/Recruit/GI_Read/48501800?Oem_Code=C1&logpath=1&stext=AI%EC%97%94%EC%A7%80%EB%8B%88%EC%96%B4&listno=285&sc=630
Group Product Manager(AI Content Platform),넥스트증권㈜,https://www.jobkorea.co.kr/Recruit/GI_Read/48428600?Oem_Code=C1&logpath=1&stext=AI%EC%97%94%EC%A7%80%EB%8B%88%EC%96%B4&listno=300&sc=630
[카카오모빌리티] 자율주행 엔지니어 (R&D),"카카오모빌리티
카카오그룹",https://www.jobkorea.co.kr/Recruit/GI_Read/48231688?Oem_Code=C1&logpath=1&stext=AI%EC%97%94%EC%A7%80%EB%8B%88%EC%96%B4&listno=294&sc=630
상시 인재 채용 (인재 Pool) - 스마트팩토리,"㈜비즈테크아이
LG그룹",https://www.jobkorea.co.kr/Recruit/GI_Read/48233585?Oem_Code=C1&logpath=1&stext=AI%EC%97%94%EC%A7%80%EB%8B%88%EC%96%B4&listno=283&sc=630
경력사원 채용 - Data Science,"삼성화재해상보험
삼성그룹",https://www.jobkorea.co.kr/Recruit/GI_Read/48467504?Oem_Code=C1&logpath=1&stext=AI%EC%97%94%EC%A7%80%EB%8B%88%EC%96%B4&listno=281&sc=630
2026년 미국 Battery Tech Conference 채용전형 모집,LG에너지솔루션,https://www.jobkorea.co.kr/Recruit/GI_Read/48233758?Oem_Code=C1&logpath=1&stext=AI%EC%97%94%EC%A7%80%EB%8B%88%EC%96%B4&listno=288&sc=630
Group Product Manager(AI App Service),넥스트증권㈜,https://www.jobkorea.co.kr/Recruit/GI_Read/48411814?Oem_Code=C1&logpath=1&stext=AI%EC%97%94%EC%A7%80%EB%8B%88%EC%96%B4&listno=299&sc=630
상시 인재 채용 (인재 Pool) - ERP SM 운영,"㈜비즈테크아이
LG그룹",https://www.jobkorea.co.kr/Recruit/GI_Read/48467357?Oem_Code=C1&logpath=1&stext=AI%EC%97%94%EC%A7%80%EB%8B%88%EC%96%B4&listno=287&sc=630
상시 인재 채용 (인재 Pool) - 아키텍트,"㈜비즈테크아이
LG그룹",https://www.jobkorea.co.kr/Recruit/GI_Read/48342090?Oem_Code=C1&logpath=1&stext=AI%EC%97%94%EC%A7%80%EB%8B%88%EC%96%B4&listno=291&sc=630
ML Engineer (Commerce Ads),㈜비바리퍼블리카,https://www.jobkorea.co.kr/Recruit/GI_Read/48256990?Oem_Code=C1&logpath=1&stext=AI%EC%97%94%EC%A7%80%EB%8B%88%EC%96%B4&listno=282&sc=630
상시 인재 채용 (인재 Pool),"㈜비즈테크아이
LG그룹",https://www.jobkorea.co.kr/Recruit/GI_Read/48319487?Oem_Code=C1&logpath=1&stext=AI%EC%97%94%EC%A7%80%EB%8B%88%EC%96%B4&listno=281&sc=551
[가온그룹] Vision AI 개발자 채용,가온그룹㈜,https://www.jobkorea.co.kr/Recruit/GI_Read/48411810?Oem_Code=C1&logpath=1&stext=AI%EC%97%94%EC%A7%80%EB%8B%88%EC%96%B4&listno=295&sc=630
2026 (주)유니온바이오메트릭스 얼굴인식 AI 개발자 채용,㈜유니온바이오메트릭스,https://www.jobkorea.co.kr/Recruit/GI_Read/48342886?Oem_Code=C1&logpath=1&stext=AI%EC%97%94%EC%A7%80%EB%8B%88%EC%96%B4&listno=298&sc=630
SW/FW/AI 포지션 경력 인재 상시 영입 - 가전 F/W 개발자,"에스케이인텔릭스㈜
SK 그룹",https://www.jobkorea.co.kr/Recruit/GI_Read/48501717?Oem_Code=C1&logpath=1&stext=AI%EC%97%94%EC%A7%80%EB%8B%88%EC%96%B4&listno=289&sc=630
상시 인재 채용 (인재 Pool) - PM/PL,"㈜비즈테크아이
LG그룹",https://www.jobkorea.co.kr/Recruit/GI_Read/48383551?Oem_Code=C1&logpath=1&stext=AI%EC%97%94%EC%A7%80%EB%8B%88%EC%96%B4&listno=293&sc=630
경력사원 채용(연구개발) - 설계,"삼성디스플레이
삼성그룹",https://www.jobkorea.co.kr/Recruit/GI_Read/48501756?Oem_Code=C1&logpath=1&stext=AI%EC%97%94%EC%A7%80%EB%8B%88%EC%96%B4&listno=290&sc=630
교통분야 데이터 분석 및 AI 모델 구현 신입/경력직 모집,㈜와이비에스,https://www.jobkorea.co.kr/Recruit/GI_Read/48501607?Oem_Code=C1&logpath=1&stext=AI%EC%97%94%EC%A7%80%EB%8B%88%EC%96%B4&listno=292&sc=630
SW/FW/AI 포지션 경력 인재 상시 영입 - 도메인 특화 LLM 솔루션 R&D,"에스케이인텔릭스㈜
SK 그룹",https://www.jobkorea.co.kr/Recruit/GI_Read/48494804?Oem_Code=C1&logpath=1&stext=AI%EC%97%94%EC%A7%80%EB%8B%88%EC%96%B4&listno=286&sc=630
Data Scientist (경력),"네이버웹툰
네이버그룹",https://www.jobkorea.co.kr/Recruit/GI_Read/48422401?Oem_Code=C1&logpath=1&stext=AI%EC%97%94%EC%A7%80%EB%8B%88%EC%96%B4&listno=284&sc=630
[전액국비] 취업연계 첨단기술 교육생 모집(반도체/AI/응용SW/로봇/스마트제조/IoT),대한상공회의소,https://www.jobkorea.co.kr/Recruit/GI_Read/48502467?Oem_Code=C1&logpath=1&stext=AI%EC%97%94%EC%A7%80%EB%8B%88%EC%96%B4&listno=306&sc=630
SW/FW/AI 포지션 경력 인재 상시 영입 - 도메인 특화 LLM 솔루션 R&D,"에스케이인텔릭스㈜
SK 그룹",https://www.jobkorea.co.kr/Recruit/GI_Read/48411829?Oem_Code=C1&logpath=1&stext=AI%EC%97%94%EC%A7%80%EB%8B%88%EC%96%B4&listno=304&sc=630
[코스닥기업] 솔루션 기술지원 엔지니어,㈜비아이매트릭스,https://www.jobkorea.co.kr/Recruit/GI_Read/48422437?Oem_Code=C1&logpath=1&stext=AI%EC%97%94%EC%A7%80%EB%8B%88%EC%96%B4&listno=311&sc=630
SW/FW/AI 포지션 경력 인재 상시 영입 - Embedded OTA 개발,"에스케이인텔릭스㈜
SK 그룹",https://www.jobkorea.co.kr/Recruit/GI_Read/48228181?Oem_Code=C1&logpath=1&stext=AI%EC%97%94%EC%A7%80%EB%8B%88%EC%96%B4&listno=309&sc=630
SW/FW/AI 포지션 경력 인재 상시 영입 - Voice Control S/W 개발,"에스케이인텔릭스㈜
SK 그룹",https://www.jobkorea.co.kr/Recruit/GI_Read/48501678?Oem_Code=C1&logpath=1&stext=AI%EC%97%94%EC%A7%80%EB%8B%88%EC%96%B4&listno=316&sc=630
SW/FW/AI 포지션 경력 인재 상시 영입 - Embedded BSP 브링업 Interface Agent 개발,"에스케이인텔릭스㈜
SK 그룹",https://www.jobkorea.co.kr/Recruit/GI_Read/48500805?Oem_Code=C1&logpath=1&stext=AI%EC%97%94%EC%A7%80%EB%8B%88%EC%96%B4&listno=310&sc=630
AI Project Manager,㈜데이터디자인엔지니어링,https://www.jobkorea.co.kr/Recruit/GI_Read/48501741?Oem_Code=C1&logpath=1&stext=AI%EC%97%94%EC%A7%80%EB%8B%88%EC%96%B4&listno=313&sc=630
[그리드위즈] 데이터 엔지니어 경력 채용,㈜그리드위즈,https://www.jobkorea.co.kr/Recruit/GI_Read/48411678?Oem_Code=C1&logpath=1&stext=AI%EC%97%94%EC%A7%80%EB%8B%88%EC%96%B4&listno=305&sc=630
AI 지식모델링 전문가(온톨로지 설계 및 지식그래프 구축),"㈜디비아이엔씨
DB그룹",https://www.jobkorea.co.kr/Recruit/GI_Read/48473932?Oem_Code=C1&logpath=1&stext=AI%EC%97%94%EC%A7%80%EB%8B%88%EC%96%B4&listno=318&sc=630
데이터 사이언티스트 (추천 시스템),㈜카카오스타일,https://www.jobkorea.co.kr/Recruit/GI_Read/48472182?Oem_Code=C1&logpath=1&stext=AI%EC%97%94%EC%A7%80%EB%8B%88%EC%96%B4&listno=308&sc=630
"[SPC삼립] 부문별 경력직 모집(해외사업, IT전략, SCM, 생산관리, 외주관리)","SPC삼립
SPC그룹",https://www.jobkorea.co.kr/Recruit/GI_Read/48411688?Oem_Code=C1&logpath=1&stext=AI%EC%97%94%EC%A7%80%EB%8B%88%EC%96%B4&listno=303&sc=630
GA 본사 AI전략팀 경력직 채용,인카금융서비스㈜,https://www.jobkorea.co.kr/Recruit/GI_Read/48342075?Oem_Code=C1&logpath=1&stext=AI%EC%97%94%EC%A7%80%EB%8B%88%EC%96%B4&listno=317&sc=630
NCP B2B 상품 기획 (경력),"네이버클라우드㈜
네이버그룹",https://www.jobkorea.co.kr/Recruit/GI_Read/48411805?Oem_Code=C1&logpath=1&stext=AI%EC%97%94%EC%A7%80%EB%8B%88%EC%96%B4&listno=314&sc=630
상시 인재 채용 (인재 Pool) - SAP BW,"㈜비즈테크아이
LG그룹",https://www.jobkorea.co.kr/Recruit/GI_Read/48411814?Oem_Code=C1&logpath=1&stext=AI%EC%97%94%EC%A7%80%EB%8B%88%EC%96%B4&listno=301&sc=630
SW/FW/AI 포지션 경력 인재 상시 영입 - SDK/API 구축,"에스케이인텔릭스㈜
SK 그룹",https://www.jobkorea.co.kr/Recruit/GI_Read/48389911?Oem_Code=C1&logpath=1&stext=AI%EC%97%94%EC%A7%80%EB%8B%88%EC%96%B4&listno=315&sc=630
"[서울] AI 개발 담당자(신입,경력)",에스넷시스템㈜,https://www.jobkorea.co.kr/Recruit/GI_Read/48434417?Oem_Code=C1&logpath=1&stext=AI%EC%97%94%EC%A7%80%EB%8B%88%EC%96%B4&listno=302&sc=630
상시 인재 채용 (인재 Pool) - IT인프라/클라우드 운영,"㈜비즈테크아이
LG그룹",https://www.jobkorea.co.kr/Recruit/GI_Read/48451370?Oem_Code=C1&logpath=1&stext=AI%EC%97%94%EC%A7%80%EB%8B%88%EC%96%B4&listno=312&sc=630
ML Engineer (Commerce 검색),㈜비바리퍼블리카,https://www.jobkorea.co.kr/Recruit/GI_Read/48494454?Oem_Code=C1&logpath=1&stext=AI%EC%97%94%EC%A7%80%EB%8B%88%EC%96%B4&listno=307&sc=630
응용 모션 개발자,두산로보틱스㈜,https://www.jobkorea.co.kr/Recruit/GI_Read/48323883?Oem_Code=C1&logpath=1&stext=AI%EC%97%94%EC%A7%80%EB%8B%88%EC%96%B4&listno=319&sc=630
[판교 사옥] TOPST SW Engineer,(주)텔레칩스,https://www.jobkorea.co.kr/Recruit/GI_Read/48494913?Oem_Code=C1&logpath=1&stext=AI%EC%97%94%EC%A7%80%EB%8B%88%EC%96%B4&listno=320&sc=630
경력사원 채용 - 글로벌 일반보험 계리,"삼성화재해상보험
삼성그룹",https://www.jobkorea.co.kr/Recruit/GI_Read/48319487?Oem_Code=C1&logpath=1&stext=AI%EC%97%94%EC%A7%80%EB%8B%88%EC%96%B4&listno=301&sc=551
[전액국비] 취업연계 첨단기술 교육생 모집(반도체/AI/응용SW/로봇/스마트제조/IoT),대한상공회의소,https://www.jobkorea.co.kr/Recruit/GI_Read/48411792?Oem_Code=C1&logpath=1&stext=AI%EC%97%94%EC%A7%80%EB%8B%88%EC%96%B4&listno=339&sc=630
AI 기획 및 개발자 모집,㈜띵스파이어,https://www.jobkorea.co.kr/Recruit/GI_Read/48438356?Oem_Code=C1&logpath=1&stext=AI%EC%97%94%EC%A7%80%EB%8B%88%EC%96%B4&listno=323&sc=630
SW/FW/AI 포지션 경력 인재 상시 영입 - Embedded 안드로이드 Framework ASOP 개발,"에스케이인텔릭스㈜
SK 그룹",https://www.jobkorea.co.kr/Recruit/GI_Read/48420594?Oem_Code=C1&logpath=1&stext=AI%EC%97%94%EC%A7%80%EB%8B%88%EC%96%B4&listno=335&sc=630
[GC녹십자홀딩스] LLM 엔지니어 (LLMOps),녹십자홀딩스,https://www.jobkorea.co.kr/Recruit/GI_Read/48495031?Oem_Code=C1&logpath=1&stext=AI%EC%97%94%EC%A7%80%EB%8B%88%EC%96%B4&listno=336&sc=630
SW/FW/AI 포지션 경력 인재 상시 영입 - Embedded IoT/보안 Software 개발,"에스케이인텔릭스㈜
SK 그룹",https://www.jobkorea.co.kr/Recruit/GI_Read/48442733?Oem_Code=C1&logpath=1&stext=AI%EC%97%94%EC%A7%80%EB%8B%88%EC%96%B4&listno=334&sc=630
상시 인재 채용 (인재 Pool) - IT 인프라(온프레미스/클라우드) TA,"㈜비즈테크아이
LG그룹",https://www.jobkorea.co.kr/Recruit/GI_Read/48420589?Oem_Code=C1&logpath=1&stext=AI%EC%97%94%EC%A7%80%EB%8B%88%EC%96%B4&listno=331&sc=630
SCM 개발/운영 및 솔루션 전문가 영입,"SK㈜ AX
SK 그룹",https://www.jobkorea.co.kr/Recruit/GI_Read/48500119?Oem_Code=C1&logpath=1&stext=AI%EC%97%94%EC%A7%80%EB%8B%88%EC%96%B4&listno=333&sc=630
경력사원 채용 - 의료AI 솔루션 기획,"삼성화재해상보험
삼성그룹",https://www.jobkorea.co.kr/Recruit/GI_Read/48501701?Oem_Code=C1&logpath=1&stext=AI%EC%97%94%EC%A7%80%EB%8B%88%EC%96%B4&listno=325&sc=630
각 분야별 경력직 채용 - Whole Body 제어 및 동역학 엔지니어,원익로보틱스,https://www.jobkorea.co.kr/Recruit/GI_Read/48496936?Oem_Code=C1&logpath=1&stext=AI%EC%97%94%EC%A7%80%EB%8B%88%EC%96%B4&listno=326&sc=630
경력사원 채용 - 글로벌 일반보험 U/W 기획,"삼성화재해상보험
삼성그룹",https://www.jobkorea.co.kr/Recruit/GI_Read/48497073?Oem_Code=C1&logpath=1&stext=AI%EC%97%94%EC%A7%80%EB%8B%88%EC%96%B4&listno=332&sc=630
경력사원 채용 - 장기보험 계리,"삼성화재해상보험
삼성그룹",https://www.jobkorea.co.kr/Recruit/GI_Read/48420605?Oem_Code=C1&logpath=1&stext=AI%EC%97%94%EC%A7%80%EB%8B%88%EC%96%B4&listno=328&sc=630
각 분야별 경력직 채용 - 로봇핸드 기구설계,원익로보틱스,https://www.jobkorea.co.kr/Recruit/GI_Read/48408457?Oem_Code=C1&logpath=1&stext=AI%EC%97%94%EC%A7%80%EB%8B%88%EC%96%B4&listno=340&sc=630
제조 Ontology 전문가 영입,"SK㈜ AX
SK 그룹",https://www.jobkorea.co.kr/Recruit/GI_Read/48494938?Oem_Code=C1&logpath=1&stext=AI%EC%97%94%EC%A7%80%EB%8B%88%EC%96%B4&listno=329&sc=630
[1년 계약직] 검사장비 셋업 엔지니어,디아이티㈜,https://www.jobkorea.co.kr/Recruit/GI_Read/48494907?Oem_Code=C1&logpath=1&stext=AI%EC%97%94%EC%A7%80%EB%8B%88%EC%96%B4&listno=330&sc=630
"Foundation Model ML Engineer(이미지, 비디오 생성) (경력)","네이버클라우드㈜
네이버그룹",https://www.jobkorea.co.kr/Recruit/GI_Read/48319860?Oem_Code=C1&logpath=1&stext=AI%EC%97%94%EC%A7%80%EB%8B%88%EC%96%B4&listno=321&sc=630
각 분야별 경력직 채용 - 상체 매커니즘 설계,원익로보틱스,https://www.jobkorea.co.kr/Recruit/GI_Read/48411727?Oem_Code=C1&logpath=1&stext=AI%EC%97%94%EC%A7%80%EB%8B%88%EC%96%B4&listno=324&sc=630
경력사원 채용 - 채권 운용,"삼성화재해상보험
삼성그룹",https://www.jobkorea.co.kr/Recruit/GI_Read/48319487?Oem_Code=C1&logpath=1&stext=AI%EC%97%94%EC%A7%80%EB%8B%88%EC%96%B4&listno=321&sc=551
경력사원 채용 - 헬스케어 마케팅,"삼성화재해상보험
삼성그룹",https://www.jobkorea.co.kr/Recruit/GI_Read/48501708?Oem_Code=C1&logpath=1&stext=AI%EC%97%94%EC%A7%80%EB%8B%88%EC%96%B4&listno=338&sc=630
상시 인재 채용 (인재 Pool) - 어플리케이션 개발/유지 운영,"㈜비즈테크아이
LG그룹",https://www.jobkorea.co.kr/Recruit/GI_Read/48495004?Oem_Code=C1&logpath=1&stext=AI%EC%97%94%EC%A7%80%EB%8B%88%EC%96%B4&listno=327&sc=630
SW/FW/AI 포지션 경력 인재 상시 영입 - IoT 및 Connectivity SW 개발자,"에스케이인텔릭스㈜
SK 그룹",https://www.jobkorea.co.kr/Recruit/GI_Read/48494993?Oem_Code=C1&logpath=1&stext=AI%EC%97%94%EC%A7%80%EB%8B%88%EC%96%B4&listno=337&sc=630
[판교] 회로 연구 경력사원 채용,㈜에이텍모빌리티,https://www.jobkorea.co.kr/Recruit/GI_Read/48411657?Oem_Code=C1&logpath=1&stext=AI%EC%97%94%EC%A7%80%EB%8B%88%EC%96%B4&listno=322&sc=630
[전액국비] 취업연계 첨단기술 교육생 모집(반도체/AI/응용SW/로봇/스마트제조/IoT),대한상공회의소,https://www.jobkorea.co.kr/Recruit/GI_Read/48242387?Oem_Code=C1&logpath=1&stext=AI%EC%97%94%EC%A7%80%EB%8B%88%EC%96%B4&listno=346&sc=630
경력사원 채용 - 장기보험 전략 기획,"삼성화재해상보험
삼성그룹",https://www.jobkorea.co.kr/Recruit/GI_Read/48507520?Oem_Code=C1&logpath=1&stext=AI%EC%97%94%EC%A7%80%EB%8B%88%EC%96%B4&listno=342&sc=630
[주식회사 반려동물] AI 바이브코딩으로 반려동물의 삶을 혁신할 '메이커' 개발자 모집,(재)여성기업종합지원센터,https://www.jobkorea.co.kr/Recruit/GI_Read/48319487?Oem_Code=C1&logpath=1&stext=AI%EC%97%94%EC%A7%80%EB%8B%88%EC%96%B4&listno=341&sc=551
Backend Developer(추천시스템),넥스트증권㈜,https://www.jobkorea.co.kr/Recruit/GI_Read/48494921?Oem_Code=C1&logpath=1&stext=AI%EC%97%94%EC%A7%80%EB%8B%88%EC%96%B4&listno=341&sc=630
[AI개발]더존비즈온 AI연구소 AI인프라 개발자 채용,㈜더존비즈온,https://www.jobkorea.co.kr/Recruit/GI_Read/48499857?Oem_Code=C1&logpath=1&stext=AI%EC%97%94%EC%A7%80%EB%8B%88%EC%96%B4&listno=347&sc=630
디지털이노베이션팀 경력사원 채용,천경해운(주),https://www.jobkorea.co.kr/Recruit/GI_Read/48495041?Oem_Code=C1&logpath=1&stext=AI%EC%97%94%EC%A7%80%EB%8B%88%EC%96%B4&listno=354&sc=630
Platform Engineer,메가존클라우드㈜,https://www.jobkorea.co.kr/Recruit/GI_Read/48234540?Oem_Code=C1&logpath=1&stext=AI%EC%97%94%EC%A7%80%EB%8B%88%EC%96%B4&listno=343&sc=630
AI 개발자 채용,플랜트인사이트㈜,https://www.jobkorea.co.kr/Recruit/GI_Read/48499049?Oem_Code=C1&logpath=1&stext=AI%EC%97%94%EC%A7%80%EB%8B%88%EC%96%B4&listno=344&sc=630
[서울경제시그널] AI IT개발 인턴사원을 모집합니다.,㈜서울경제신문,https://www.jobkorea.co.kr/Recruit/GI_Read/48411704?Oem_Code=C1&logpath=1&stext=AI%EC%97%94%EC%A7%80%EB%8B%88%EC%96%B4&listno=357&sc=630
2026년 SFA 수시채용 : 9개 부문 (3월 2일 접수마감),㈜에스에프에이,https://www.jobkorea.co.kr/Recruit/GI_Read/48483984?Oem_Code=C1&logpath=1&stext=AI%EC%97%94%EC%A7%80%EB%8B%88%EC%96%B4&listno=348&sc=630
경력사원 채용 - 해외법인 사업 관리,"삼성화재해상보험
삼성그룹",https://www.jobkorea.co.kr/Recruit/GI_Read/48394993?Oem_Code=C1&logpath=1&stext=AI%EC%97%94%EC%A7%80%EB%8B%88%EC%96%B4&listno=356&sc=630
[빅밸류] 데이터 직무 채용(경력),㈜빅밸류,https://www.jobkorea.co.kr/Recruit/GI_Read/48494930?Oem_Code=C1&logpath=1&stext=AI%EC%97%94%EC%A7%80%EB%8B%88%EC%96%B4&listno=350&sc=630
FY2026 상반기 경력사원 채용 - DB운영,"교보생명보험(주)
교보생명보험그룹",https://www.jobkorea.co.kr/Recruit/GI_Read/48314654?Oem_Code=C1&logpath=1&stext=AI%EC%97%94%EC%A7%80%EB%8B%88%EC%96%B4&listno=355&sc=630
"Foundation Model Research Scientist(이미지, 비디오 생성) (경력)","네이버클라우드㈜
네이버그룹",https://www.jobkorea.co.kr/Recruit/GI_Read/48470520?Oem_Code=C1&logpath=1&stext=AI%EC%97%94%EC%A7%80%EB%8B%88%EC%96%B4&listno=358&sc=630
경력사원 채용 - 대체투자 심사,"삼성화재해상보험
삼성그룹",https://www.jobkorea.co.kr/Recruit/GI_Read/48507932?Oem_Code=C1&logpath=1&stext=AI%EC%97%94%EC%A7%80%EB%8B%88%EC%96%B4&listno=349&sc=630
[빅밸류] 임베디드 엔지니어(경력/전문연구요원),㈜빅밸류,https://www.jobkorea.co.kr/Recruit/GI_Read/48509618?Oem_Code=C1&logpath=1&stext=AI%EC%97%94%EC%A7%80%EB%8B%88%EC%96%B4&listno=352&sc=630
[슈프리마] AI 카메라 임베디드 웹서버 개발자 모집,㈜슈프리마,https://www.jobkorea.co.kr/Recruit/GI_Read/48501393?Oem_Code=C1&logpath=1&stext=AI%EC%97%94%EC%A7%80%EB%8B%88%EC%96%B4&listno=345&sc=630
SW/FW/AI 포지션 경력 인재 상시 영입 - Embedded Android App S/W 개발,"에스케이인텔릭스㈜
SK 그룹",https://www.jobkorea.co.kr/Recruit/GI_Read/48403844?Oem_Code=C1&logpath=1&stext=AI%EC%97%94%EC%A7%80%EB%8B%88%EC%96%B4&listno=351&sc=630
AI설계 - 설계 (사양),"영풍전자㈜
영풍그룹",https://www.jobkorea.co.kr/Recruit/GI_Read/48442827?Oem_Code=C1&logpath=1&stext=AI%EC%97%94%EC%A7%80%EB%8B%88%EC%96%B4&listno=353&sc=630
FY2026 상반기 경력사원 채용 - 디지털자산 비즈니스실행,"교보생명보험(주)
교보생명보험그룹",https://www.jobkorea.co.kr/Recruit/GI_Read/48509726?Oem_Code=C1&logpath=1&stext=AI%EC%97%94%EC%A7%80%EB%8B%88%EC%96%B4&listno=359&sc=630
FY2026 상반기 경력사원 채용 - 회계/세무/내부회계,"교보생명보험(주)
교보생명보험그룹",https://www.jobkorea.co.kr/Recruit/GI_Read/48509682?Oem_Code=C1&logpath=1&stext=AI%EC%97%94%EC%A7%80%EB%8B%88%EC%96%B4&listno=360&sc=630
[전액국비] 취업연계 첨단기술 교육생 모집(반도체/AI/응용SW/로봇/스마트제조/IoT),대한상공회의소,https://www.jobkorea.co.kr/Recruit/GI_Read/48510063?Oem_Code=C1&logpath=1&stext=AI%EC%97%94%EC%A7%80%EB%8B%88%EC%96%B4&listno=378&sc=630
FY2026 상반기 경력사원 채용 - 보안취약점진단/분석,"교보생명보험(주)
교보생명보험그룹",https://www.jobkorea.co.kr/Recruit/GI_Read/48509734?Oem_Code=C1&logpath=1&stext=AI%EC%97%94%EC%A7%80%EB%8B%88%EC%96%B4&listno=372&sc=630
FY2026 상반기 경력사원 채용 - 방카슈랑스자문위원,"교보생명보험(주)
교보생명보험그룹",https://www.jobkorea.co.kr/Recruit/GI_Read/48509652?Oem_Code=C1&logpath=1&stext=AI%EC%97%94%EC%A7%80%EB%8B%88%EC%96%B4&listno=361&sc=630
FY2026 상반기 경력사원 채용 - 자본관리,"교보생명보험(주)
교보생명보험그룹",https://www.jobkorea.co.kr/Recruit/GI_Read/48412719?Oem_Code=C1&logpath=1&stext=AI%EC%97%94%EC%A7%80%EB%8B%88%EC%96%B4&listno=370&sc=630
FY2026 상반기 경력사원 채용 - 디지털자산 비즈니스기획,"교보생명보험(주)
교보생명보험그룹",https://www.jobkorea.co.kr/Recruit/GI_Read/48508158?Oem_Code=C1&logpath=1&stext=AI%EC%97%94%EC%A7%80%EB%8B%88%EC%96%B4&listno=380&sc=630
AI 데이터센터 전력설비 구축 분야 전문가 영입,"SK㈜ AX
SK 그룹",https://www.jobkorea.co.kr/Recruit/GI_Read/48494971?Oem_Code=C1&logpath=1&stext=AI%EC%97%94%EC%A7%80%EB%8B%88%EC%96%B4&listno=368&sc=630
경력사원 채용 - 의료기기 인허가,"삼성화재해상보험
삼성그룹",https://www.jobkorea.co.kr/Recruit/GI_Read/48420582?Oem_Code=C1&logpath=1&stext=AI%EC%97%94%EC%A7%80%EB%8B%88%EC%96%B4&listno=379&sc=630
[경력] (주)이래 AI 전문가 채용공고,㈜이래,https://www.jobkorea.co.kr/Recruit/GI_Read/48494901?Oem_Code=C1&logpath=1&stext=AI%EC%97%94%EC%A7%80%EB%8B%88%EC%96%B4&listno=373&sc=630
경력사원 채용 - GA지점장,"삼성화재해상보험
삼성그룹",https://www.jobkorea.co.kr/Recruit/GI_Read/48509697?Oem_Code=C1&logpath=1&stext=AI%EC%97%94%EC%A7%80%EB%8B%88%EC%96%B4&listno=363&sc=630
2026년 제1차 신규직원 채용 공고,서울AI재단,https://www.jobkorea.co.kr/Recruit/GI_Read/48495020?Oem_Code=C1&logpath=1&stext=AI%EC%97%94%EC%A7%80%EB%8B%88%EC%96%B4&listno=366&sc=630
[컴투스][AX HUB] 게임 콘텐츠 AI 응용 개발 (전문연구요원),㈜컴투스,https://www.jobkorea.co.kr/Recruit/GI_Read/48385708?Oem_Code=C1&logpath=1&stext=AI%EC%97%94%EC%A7%80%EB%8B%88%EC%96%B4&listno=375&sc=630
[kt cloud] 경력직 인재Pool,㈜케이티클라우드,https://www.jobkorea.co.kr/Recruit/GI_Read/48322616?Oem_Code=C1&logpath=1&stext=AI%EC%97%94%EC%A7%80%EB%8B%88%EC%96%B4&listno=371&sc=630
FY2026 상반기 경력사원 채용 - 디지털자산/블록체인개발,"교보생명보험(주)
교보생명보험그룹",https://www.jobkorea.co.kr/Recruit/GI_Read/48509747?Oem_Code=C1&logpath=1&stext=AI%EC%97%94%EC%A7%80%EB%8B%88%EC%96%B4&listno=376&sc=630
경력사원 채용 - 자동차보험 상품 개발,"삼성화재해상보험
삼성그룹",https://www.jobkorea.co.kr/Recruit/GI_Read/48319487?Oem_Code=C1&logpath=1&stext=AI%EC%97%94%EC%A7%80%EB%8B%88%EC%96%B4&listno=361&sc=551
각 분야별 경력직 채용 - 라인구축 설계(기구),원익로보틱스,https://www.jobkorea.co.kr/Recruit/GI_Read/48509627?Oem_Code=C1&logpath=1&stext=AI%EC%97%94%EC%A7%80%EB%8B%88%EC%96%B4&listno=362&sc=630
[판교/글로벌가전기업] IT 분야별 인턴 (6개월) 채용 - 모바일/IT/임베디드,㈜아데코코리아,https://www.jobkorea.co.kr/Recruit/GI_Read/48509666?Oem_Code=C1&logpath=1&stext=AI%EC%97%94%EC%A7%80%EB%8B%88%EC%96%B4&listno=377&sc=630
FY2026 상반기 경력사원 채용 - 영어통번역,"교보생명보험(주)
교보생명보험그룹",https://www.jobkorea.co.kr/Recruit/GI_Read/48214322?Oem_Code=C1&logpath=1&stext=AI%EC%97%94%EC%A7%80%EB%8B%88%EC%96%B4&listno=367&sc=630
FY2026 상반기 경력사원 채용 - IT보안기획/운영,"교보생명보험(주)
교보생명보험그룹",https://www.jobkorea.co.kr/Recruit/GI_Read/48420613?Oem_Code=C1&logpath=1&stext=AI%EC%97%94%EC%A7%80%EB%8B%88%EC%96%B4&listno=374&sc=630
[분당/AI] Skhy Global One ERP(i-ERP)시스템 AI agent 설계 및 개발,㈜대원씨앤씨,https://www.jobkorea.co.kr/Recruit/GI_Read/48381078?Oem_Code=C1&logpath=1&stext=AI%EC%97%94%EC%A7%80%EB%8B%88%EC%96%B4&listno=369&sc=630
각 분야별 경력직 채용 - 펌웨어 엔지니어(핸드 펌웨어),원익로보틱스,https://www.jobkorea.co.kr/Recruit/GI_Read/48509706?Oem_Code=C1&logpath=1&stext=AI%EC%97%94%EC%A7%80%EB%8B%88%EC%96%B4&listno=364&sc=630
[천재교육] AI센터 AI서비스 개발자 모집,㈜천재교육,https://www.jobkorea.co.kr/Recruit/GI_Read/48497509?Oem_Code=C1&logpath=1&stext=AI%EC%97%94%EC%A7%80%EB%8B%88%EC%96%B4&listno=365&sc=630
[전액국비] 취업연계 첨단기술 교육생 모집(반도체/AI/응용SW/로봇/스마트제조/IoT),대한상공회의소,https://www.jobkorea.co.kr/Recruit/GI_Read/48494985?Oem_Code=C1&logpath=1&stext=AI%EC%97%94%EC%A7%80%EB%8B%88%EC%96%B4&listno=393&sc=630
경력사원 채용 - 장기보험 상품 개발,"삼성화재해상보험
삼성그룹",https://www.jobkorea.co.kr/Recruit/GI_Read/48495051?Oem_Code=C1&logpath=1&stext=AI%EC%97%94%EC%A7%80%EB%8B%88%EC%96%B4&listno=388&sc=630
"음성 처리, AI등 개발(Sound, Vison, Generative AI, Deep learning)",몰팩바이오,https://www.jobkorea.co.kr/Recruit/GI_Read/48425774?Oem_Code=C1&logpath=1&stext=AI%EC%97%94%EC%A7%80%EB%8B%88%EC%96%B4&listno=397&sc=630
[빅밸류] 데이터 직무 채용(신입/전문연구요원),㈜빅밸류,https://www.jobkorea.co.kr/Recruit/GI_Read/48506134?Oem_Code=C1&logpath=1&stext=AI%EC%97%94%EC%A7%80%EB%8B%88%EC%96%B4&listno=391&sc=630
[쿠도커뮤니케이션] 정보보안사업부 총판사업 경력직 채용,쿠도커뮤니케이션㈜,https://www.jobkorea.co.kr/Recruit/GI_Read/48339348?Oem_Code=C1&logpath=1&stext=AI%EC%97%94%EC%A7%80%EB%8B%88%EC%96%B4&listno=382&sc=630
[트랜스코스모스] 당사 AI서비스기획팀 경력직 채용 (여의도) Zf5D,㈜트랜스코스모스코리아,https://www.jobkorea.co.kr/Recruit/GI_Read/48319487?Oem_Code=C1&logpath=1&stext=AI%EC%97%94%EC%A7%80%EB%8B%88%EC%96%B4&listno=381&sc=551
"[티앤에스자산관리] 마인드웨어웍스 시스템엔지니어, 개발자",(재)여성기업종합지원센터,https://www.jobkorea.co.kr/Recruit/GI_Read/48480954?Oem_Code=C1&logpath=1&stext=AI%EC%97%94%EC%A7%80%EB%8B%88%EC%96%B4&listno=398&sc=630
AI 개발자 채용,㈜삼인시스템,https://www.jobkorea.co.kr/Recruit/GI_Read/48398002?Oem_Code=C1&logpath=1&stext=AI%EC%97%94%EC%A7%80%EB%8B%88%EC%96%B4&listno=392&sc=630
경력사원 채용 - 부동산 투자,"삼성화재해상보험
삼성그룹",https://www.jobkorea.co.kr/Recruit/GI_Read/48480047?Oem_Code=C1&logpath=1&stext=AI%EC%97%94%EC%A7%80%EB%8B%88%EC%96%B4&listno=395&sc=630
(주)피타소프트 F/W팀 AI 개발자 채용,㈜피타소프트,https://www.jobkorea.co.kr/Recruit/GI_Read/48368624?Oem_Code=C1&logpath=1&stext=AI%EC%97%94%EC%A7%80%EB%8B%88%EC%96%B4&listno=384&sc=630
"한국건설생활환경시험연구원 과제계약직 모집 (강원, 경남)",한국건설생활환경시험연구원,https://www.jobkorea.co.kr/Recruit/GI_Read/48334782?Oem_Code=C1&logpath=1&stext=AI%EC%97%94%EC%A7%80%EB%8B%88%EC%96%B4&listno=385&sc=630
한국건설생활환경시험연구원 과제계약직 모집 (인천 송도),한국건설생활환경시험연구원,https://www.jobkorea.co.kr/Recruit/GI_Read/48495637?Oem_Code=C1&logpath=1&stext=AI%EC%97%94%EC%A7%80%EB%8B%88%EC%96%B4&listno=399&sc=630
AI 데이터 컨설턴트,㈜투이컨설팅,https://www.jobkorea.co.kr/Recruit/GI_Read/48349642?Oem_Code=C1&logpath=1&stext=AI%EC%97%94%EC%A7%80%EB%8B%88%EC%96%B4&listno=400&sc=630
경력사원 채용 - 헬스케어 사업 기획,"삼성화재해상보험
삼성그룹",https://www.jobkorea.co.kr/Recruit/GI_Read/48506431?Oem_Code=C1&logpath=1&stext=AI%EC%97%94%EC%A7%80%EB%8B%88%EC%96%B4&listno=390&sc=630
[정규직] 팜피 AI 개발자,팜피㈜,https://www.jobkorea.co.kr/Recruit/GI_Read/48451033?Oem_Code=C1&logpath=1&stext=AI%EC%97%94%EC%A7%80%EB%8B%88%EC%96%B4&listno=389&sc=630
[대덕전자] IT Backend 전문인력 경력직 채용,대덕전자,https://www.jobkorea.co.kr/Recruit/GI_Read/48494820?Oem_Code=C1&logpath=1&stext=AI%EC%97%94%EC%A7%80%EB%8B%88%EC%96%B4&listno=381&sc=630
[높은복지수준/송도]물류로봇자동화 로봇제어팀 채용,㈜휴먼코아,https://www.jobkorea.co.kr/Recruit/GI_Read/48389426?Oem_Code=C1&logpath=1&stext=AI%EC%97%94%EC%A7%80%EB%8B%88%EC%96%B4&listno=396&sc=630
[성남/셔틀버스/중식제공]포티투닷(현대 계열) 음성 텍스트 라벨링,㈜트랜스코스모스코리아,https://www.jobkorea.co.kr/Recruit/GI_Read/48406543?Oem_Code=C1&logpath=1&stext=AI%EC%97%94%EC%A7%80%EB%8B%88%EC%96%B4&listno=386&sc=630
데이터 사이언티스트 경력직 채용,㈜골프존,https://www.jobkorea.co.kr/Recruit/GI_Read/48377510?Oem_Code=C1&logpath=1&stext=AI%EC%97%94%EC%A7%80%EB%8B%88%EC%96%B4&listno=387&sc=630
인공지능(AI) 경력 연구원 채용,㈜무한정보기술,https://www.jobkorea.co.kr/Recruit/GI_Read/48479269?Oem_Code=C1&logpath=1&stext=AI%EC%97%94%EC%A7%80%EB%8B%88%EC%96%B4&listno=394&sc=630
[라온컴퍼니] AI 활용 SNS 콘텐츠 마케터 채용,(재)여성기업종합지원센터,https://www.jobkorea.co.kr/Recruit/GI_Read/48403851?Oem_Code=C1&logpath=1&stext=AI%EC%97%94%EC%A7%80%EB%8B%88%EC%96%B4&listno=383&sc=630
